id,name,service_name_vi,category,category_vi,finish_type,extension_type,nail_length,nail_shape,art_level,description,add_ons,duration_min,price,price_tier,maintenance_weeks,refill_eligible,removal_needed,soak_off_time_min,notes_en,notes_vi,seasonality_tags,trend_tags,inventory_items_used,selected
001.jpg,XL Stiletto Ombré Set with Rhinestones,Làm Móng Bột Dáng Nhọn Dài Ombré (Đính Đá),Full Set,Làm bộ móng mới,Glossy,Acrylic,XL,Stiletto,Extreme,"Red and orange ombré, full-coverage rhinestone accent nail, scattered rhinestones, white line art.","Ombré, Rhinestones (Full-coverage), Rhinestones (Scattered), Line Art",210,200,Premium,2-3,Yes (but complex),Yes,30,"Client has hand tattoos. This is a very complex, time-consuming set. Price accordingly.","Khách có hình xăm trên tay. Đây là một bộ móng rất phức tạp, tốn thời gian. Định giá cho phù hợp.","Summer, Fall, Festival","Ombré, Bling Nails, Rhinestones, Maximalist","Orange Acrylic Powder, Red Acrylic Powder, Clear Acrylic Powder, Monomer, Nail Forms, Rhinestones (Various sizes), Nail Glue, White Art Gel, Liner Brush, Glossy Top Coat",1
002.jpg,XL Coffin Full Set with Marble & Gold,Làm Móng Bột Dáng Hòm Dài (Vân Đá & Giấy Vàng),Full Set,Làm bộ móng mới,Glossy,Acrylic,XL,Coffin,Complex,"Nude pink base, white marble accent nails, gold foil, 3D gold heart charms","Gold Foil, Marble Art, 3D Charms",180,150,Premium,2-3,Yes,Yes,30,High-end design. Multiple techniques used. Price should reflect art complexity.,Thiết kế cao cấp. Sử dụng nhiều kỹ thuật. Giá cả nên phản ánh độ phức tạp của nghệ thuật.,"Bridal, Valentine's, Formal","Marble Nails, Gold Foil, 3D Charms, Coffin Nails","Nude Pink Acrylic, White Acrylic, Clear Acrylic, Monomer, Nail Forms, Gold Foil, 3D Gold Heart Charms, Glossy Top Coat",1
003.jpg,Short Gel Manicure with Neon Stripes,Sơn Gel Móng Ngắn Kẻ Sọc Neon,Manicure,Làm móng tay,Glossy,None,Short,Squoval,Moderate,"Black base color with hand-painted neon stripes (pink, orange, green, yellow). One solid yellow accent nail.",Hand-painted Nail Art,75,60,Mid,2-3,No,Yes,15,Precise line work required. Good for clients who want art on short nails.,Yêu cầu kẻ vạch chính xác. Phù hợp cho khách muốn vẽ nghệ thuật trên móng ngắn.,"Summer, Party","Neon, Line Art, Short Nails","Black Gel Polish, Neon Gel Polish (Pink, Orange, Green, Yellow), Liner Brush, Base Coat, Glossy Top Coat",1
004.jpg,Gel Pedicure (Solid Color),Làm Móng Chân Sơn Gel (Trơn),Pedicure,Làm móng chân,Glossy,None,Short,Square,None,Solid deep burgundy/wine color,Gel Polish,60,55,Mid,4-6,No,Yes,15,Classic gel pedicure. Color is great for fall/winter.,Làm móng chân gel cổ điển. Màu sắc rất hợp cho mùa thu/đông.,"Fall, Winter, All-Season","Dark Nails, Classic Pedicure","Burgundy Gel Polish, Pedi Base Coat, Pedi Top Coat",1
005.jpg,XL Stiletto Full Set (Solid Color),Làm Móng Bột Dáng Nhọn Dài (Sơn Trơn),Full Set,Làm bộ móng mới,Glossy,Acrylic,XXL,Stiletto,None,Solid classic red,Extra Length,150,100,High,2-3,Yes,Yes,30,Very long stiletto shape. Requires skilled tech.,Móng dáng nhọn rất dài. Yêu cầu thợ có tay nghề cao.,"Holiday, Valentine's, Formal","Stiletto, Maximalist, Classic Red","Red Gel Polish, Acrylic Powder (Clear/Nude), Monomer, Nail Forms, Glossy Top Coat",1
006.jpg,Modern French Gel Manicure,Sơn Gel Kiểu Pháp Hiện Đại,Manicure,Làm móng tay,Glossy,None,Medium,Square,Simple,Turquoise French tip with one solid accent nail,French Tip Art,60,50,Mid,2-3,No,Yes,15,"Natural nail base with gel polish. Clean, modern look.","Móng tay tự nhiên sơn gel. Kiểu dáng sạch sẽ, hiện đại.","Summer, Spring, Vacation","French Tip, Color French, Minimalist","Nude Pink Gel Polish, Turquoise Gel Polish, Base Coat, Glossy Top Coat",1
007.jpg,Pedicure with Fungal Treatment / Reconstruction,Làm Móng Chân (Điều Trị Nấm / Tái Tạo Móng),Specialty Pedicure,Dịch vụ làm móng chân đặc biệt,Glossy,Nail Reconstruction,Short,Square,None,Before/After treatment. Solid blue color applied after treatment/reconstruction.,"Fungus Treatment, Nail Reconstruction",90,100,High,4-6,No,No,0,"Before, middle, and after transformation. Shows treatment for damaged/fungal toenails. Requires specialized training and sanitation.","Hình ảnh trước, trong và sau khi biến đổi. Cho thấy việc điều trị móng chân bị hư hỏng/nấm. Yêu cầu đào tạo chuyên biệt và vệ sinh.","All-Season, Health","Medical Pedicure, Nail Reconstruction","Antifungal Solution, Nail Drill (for debridement), Reconstruction Gel/Resin, Blue Gel Polish, Pedi Base Coat, Pedi Top Coat, Extensive PPE/Sanitizer",0
008.jpg,XL Stiletto Set with Encapsulated Gold Foil,Làm Móng Bột Dáng Nhọn Dài (Ẩn Giấy Vàng),Full Set,Làm bộ móng mới,Glossy,Acrylic,XL,Stiletto,Complex,Nude base with clear tips. Encapsulated gold/copper foil in clear tips. One accent nail with 3D gold piping.,"Encapsulated Art, Gold Foil, 3D Art",180,160,Premium,2-3,Yes (but complex),Yes,30,"Elegant, high-end design. Encapsulation takes time and skill.","Thiết kế thanh lịch, cao cấp. Kỹ thuật ẩn (encapsulation) tốn thời gian và kỹ năng.","Bridal, Formal, New Year's","Encapsulated Nails, Gold Foil, Nude Nails, Stiletto","Nude Acrylic Powder, Clear Acrylic Powder, Monomer, Nail Forms, Gold/Copper Foil, Gold 3D Piping Gel, Glossy Top Coat",1
009.jpg,Matching Gel Manicure & Pedicure,Làm Móng Tay & Chân Sơn Gel (Cùng Màu),Combo Service,Dịch vụ Combo,Glossy,None,Short,Squoval/Square,None,Solid classic red on both hands and feet.,Gel Polish,105,90,Mid,"2-3 (mani), 4-6 (pedi)",No,Yes,15,Classic combo service. Great for upselling. Client is wearing an engagement ring (bridal potential).,Dịch vụ combo cổ điển. Tốt để bán thêm. Khách hàng đang đeo nhẫn đính hôn (tiềm năng làm móng cô dâu).,"All-Season, Classic, Bridal, Holiday","Matching Mani-Pedi, Classic Red","Red Gel Polish, Base Coat, Top Coat",0
010.jpg,Gel Pedicure (Solid Color),Làm Móng Chân Sơn Gel (Trơn),Pedicure,Làm móng chân,Glossy,None,Short,Square,None,Solid bright teal/blue color,Gel Polish,60,55,Mid,4-6,No,Yes,15,"Classic gel pedicure. Bright color, perfect for summer or vacation.","Làm móng chân gel cổ điển. Màu sắc tươi sáng, hoàn hảo cho mùa hè hoặc đi nghỉ mát.","Summer, Spring, Vacation","Bright Pedicure, Blue Nails","Teal/Blue Gel Polish, Pedi Base Coat, Pedi Top Coat",1
011.jpg,Long Stiletto Chrome/Pearl Set,Làm Móng Bột Dáng Nhọn Dài (Tráng Gương / Ngọc Trai),Full Set,Làm bộ móng mới,Pearl / Chrome,Acrylic/Gel-X,Long,Stiletto,Simple,Nude or light pink base with a yellow/gold/white pearl or chrome powder effect.,Chrome Powder,135,95,High,2-3,Yes,Yes,25,This popular 'glazed donut' or 'unicorn' effect is achieved with a special powder over a no-wipe top coat.,Hiệu ứng 'bánh donut tráng đường' hay 'unicorn' nổi tiếng này đạt được bằng cách chà một loại bột đặc biệt lên lớp top coat không cần lau.,"All-Season, Bridal, Spring","Chrome Nails, Pearl Nails, Glazed Donut, Hailey Bieber Nails","Nude Gel Polish, Clear Acrylic/Gel-X, White/Gold Chrome Powder, Glossy Top Coat",1
012.jpg,Neon Micro-French Manicure,Sơn Gel Kiểu Pháp Mỏng (Viền Neon),Manicure / Gel-X,Làm móng tay / Móng Gel-X,Glossy,Gel-X / Builder Gel,Medium,Coffin,Moderate,"Nude pink base with thin 'micro' French tips in various neon colors (pink, yellow, green, orange). Small rhinestone at cuticle.","Micro-French Art, Rhinestones (Simple)",90,75,Mid-High,2-3,Yes (with rebalance),Yes,20,"Requires a very steady hand for the thin lines. Could be on natural nails, builder gel, or Gel-X.","Yêu cầu tay nghề vững để vẽ các đường mỏng. Có thể làm trên móng tự nhiên, builder gel, hoặc Gel-X.","Summer, Spring, Party","Micro-French, Neon, Minimalist Art, Skittles","Nude Pink Gel Polish, Neon Gel Polish (Pink, Yellow, Green, Orange), Liner Brush, Small Rhinestones, Glossy Top Coat",1
013.jpg,Neon V-French Full Set,Làm Móng Bột Dáng Chữ V Neon,Full Set,Làm bộ móng mới,Glossy,Acrylic,Long,Coffin,Complex,Nude pink base with a deep 'V-French' design in neon pink and neon yellow. Encapsulated glitter on the nail bed.,"V-French Art, Encapsulated Glitter",150,120,High,2-3,Yes (but complex),Yes,30,"This is a sculpted set, likely done with acrylic. The sharp V-lines and encapsulation take significant time.","Đây là một bộ móng đắp, có thể làm bằng bột. Các đường V-line sắc nét và kỹ thuật ẩn tốn nhiều thời gian.","Summer, Festival, Vacation","Neon, V-French, Deep French, Encapsulated Glitter, Coffin Nails","Nude Pink Acrylic, Clear Acrylic, Monomer, Nail Forms, Neon Pink Gel Polish, Neon Yellow Gel Polish, Iridescent Glitter, Glossy Top Coat",1
014.jpg,Skittles Gel Pedicure,Làm Móng Chân Sơn Gel (Nhiều Màu),Pedicure,Làm móng chân,Glossy,None,Short,Square,Simple,"Solid colors on each toe, repeated in a pattern (red, blue, yellow, green, purple).",Multi-Color (5+),60,60,Mid,4-6,No,Yes,15,"Fun, simple art. Charge slightly more than solid color for the extra colors used.","Nghệ thuật đơn giản, vui nhộn. Tính giá cao hơn một chút so với sơn trơn vì sử dụng nhiều màu.","Summer, Spring, Pride","Skittles Nails, Rainbow Pedicure","Gel Polish (Red, Blue, Yellow, Green, Purple), Pedi Base Coat, Pedi Top Coat",1
015.jpg,Abstract Swirl Art Manicure,Sơn Gel Nghệ Thuật Trừu Tượng (Vân Xoáy),Manicure / Gel-X,Làm móng tay / Móng Gel-X,Glossy,Gel-X / Builder Gel,Long,Almond,Moderate,"Sheer nude base with abstract swirls and color blocking in orange, lilac, dark purple, and white.",Hand-painted Nail Art,105,85,Mid-High,2-3,Yes (with rebalance),Yes,20,Very trendy negative space design. Requires good line work.,Thiết kế không gian âm (negative space) rất hợp thời trang. Yêu cầu kỹ năng vẽ đường nét tốt.,"Spring, Summer, Fall","Swirl Nails, Abstract Nails, Negative Space, 70s Vibe","Sheer Nude Gel Polish, Orange Gel Polish, Lilac Gel Polish, Dark Purple Gel Polish, White Art Gel, Liner Brush, Glossy Top Coat",1
016.jpg,Pastel Skittles Pedicure with Glitter,Làm Móng Chân Sơn Gel (Pastel & Kim Tuyến),Pedicure,Làm móng chân,Glossy / Glitter,None,Short,Square,Simple,"Solid pastel colors on each toe (pink, purple, green, blue) with glitter accent on big and small toes.","Multi-Color (5+), Glitter Gel",75,65,Mid,4-6,No,Yes,15,"Cute, spring/summer design. Popular 'Skittles' style.",Thiết kế dễ thương cho mùa xuân/hè. Kiểu 'Skittles' phổ biến.,"Spring, Summer, Easter","Skittles Nails, Pastel Nails, Glitter Pedicure","Pastel Gel Polish (Pink, Purple, Green, Blue), Silver/Opal Glitter Gel, Pedi Base Coat, Pedi Top Coat",1
018.jpg,XL French Set with Sugar Glitter,Làm Móng Bột Kiểu Pháp Dài (Kim Tuyến Rắc),Full Set,Làm bộ móng mới,Glossy / Textured,Acrylic,XL,Coffin,Moderate,"Classic pink-and-white French tip, but the white tip is made with a textured 'sugar' glitter.","Sugar Glitter, Extra Length",165,130,High,2-3,Yes,Yes,30,The sugar glitter is applied over gel and cured without a top coat to maintain its texture.,Kim tuyến rắc (sugar glitter) được rắc lên gel và hơ đèn mà không sơn top coat để giữ nguyên độ nhám.,"Bridal, Winter, Formal, New Year's","Sugar Glitter, Textured Nails, French Tip, XL Nails","Nude Pink Acrylic, Clear Acrylic, Monomer, Nail Forms, White Gel Polish, White/Clear Glitter (for sugar effect), Glossy Top Coat (for nail bed only)",1
019.jpg,Cat Eye Manicure with Swirl Art,Sơn Gel Mắt Mèo (Vẽ Vân Xoáy),Manicure,Làm móng tay,Cat Eye / Glossy,None,Short,Square,Complex,"Royal blue 'cat eye' effect on most nails. Two accent nails with nude base, blue/gold abstract swirls, and rhinestones.","Cat Eye Gel, Hand-painted Nail Art, Rhinestones",90,80,Mid-High,2-3,No,Yes,15,Multiple art techniques used on short nails. Cat eye requires a magnet.,Sử dụng nhiều kỹ thuật nghệ thuật trên móng ngắn. Gel mắt mèo cần có nam châm.,"Winter, Fall, Formal","Cat Eye Nails, Swirl Nails, Royal Blue","Blue Cat Eye Gel Polish, Magnet, Nude Gel Polish, Gold Art Gel, Blue Art Gel, Liner Brush, Rhinestones, Glossy Top Coat",1
020.jpg,Flag-Inspired French Tip,Sơn Gel Kiểu Pháp (Cảm Hứng Cờ),Manicure / Full Set,Làm móng tay / Làm bộ móng mới,Glossy,Acrylic / Gel-X,Short,Square,Moderate,"Nude pink base with diagonal stripes of green, white, and red on the tip (like Italian or Mexican flag). Small gold foil accents.","Hand-painted Nail Art, Gold Foil",90,70,Mid-High,2-3,Yes,Yes,20,Holiday-specific design. Requires precise line work.,Thiết kế đặc trưng cho ngày lễ. Yêu cầu vẽ đường nét chính xác.,"Holiday (Cinco de Mayo, Italian holidays), Soccer/World Cup","Flag Nails, Line Art, Color Block","Nude Pink Gel Polish, Green Gel Polish, White Art Gel, Red Gel Polish, Gold Foil, Liner Brush, Glossy Top Coat",1
021.jpg,Deep V-French with Heart Tips,Sơn Gel Kiểu Pháp Chữ V Sâu (Đầu Móng Hình Tim),Manicure / Gel-X,Làm móng tay / Móng Gel-X,Glossy,None / Builder Gel,Medium,Almond / Oval,Moderate,Sheer pink/lilac base with deep hot pink V-French tips that subtly form a heart shape at the cuticle.,"V-French Art, Custom Tip Shape",90,75,Mid-High,2-3,No,Yes,20,"Creative take on French manicure, suitable for natural nails or short extensions.","Biến tấu sáng tạo của kiểu móng Pháp, phù hợp cho móng tự nhiên hoặc nối ngắn.","Valentine's Day, Spring, Romantic","V-French, Heart Nails, Pink Nails","Sheer Pink Gel Polish, Hot Pink Gel Polish, Fine Liner Brush, Base Coat, Top Coat",1
022.jpg,Long Coffin Set with Glitter Accents,Làm Móng Bột Dáng Hòm Dài (Điểm Nhấn Kim Tuyến),Full Set,Làm bộ móng mới,Glossy / Glitter,Acrylic,Long,Coffin,Simple,"Solid sky blue color on most nails, with two accent nails in silver holographic glitter.",Glitter Accent Nails,135,95,High,2-3,Yes,Yes,25,Popular combination of solid color and glitter accent. Client has arm tattoos and rings.,Sự kết hợp phổ biến giữa màu trơn và điểm nhấn kim tuyến. Khách hàng có hình xăm ở tay và đeo nhẫn.,"Summer, Winter (Ice Blue), Party","Glitter Nails, Coffin Nails, Blue Nails","Sky Blue Acrylic Powder, Silver Holographic Glitter Acrylic/Gel, Clear Acrylic, Monomer, Nail Forms, Glossy Top Coat",1
023.jpg,XL Coffin Set with Flowers & Rhinestones,Làm Móng Bột Dáng Hòm Dài (Hoa & Đá),Full Set,Làm bộ móng mới,Glossy,Acrylic,XL,Coffin,Complex,Hot pink base with white diagonal tips. Accent nails feature small white flowers and various rhinestones.,"Diagonal French, Flower Decals/Hand-painted, Rhinestones",165,130,High,2-3,Yes,Yes,30,Intricate design with multiple elements. Ensure proper adhesion for flowers and rhinestones.,Thiết kế phức tạp với nhiều yếu tố. Đảm bảo hoa và đá được gắn chắc chắn.,"Spring, Summer, Bridal (Bridesmaid), Formal","Flower Nails, Bling Nails, Pink Nails, Coffin Nails","Hot Pink Acrylic Powder, White Acrylic Powder, Clear Acrylic, Monomer, Nail Forms, Small White Flower Decals/3D Flowers, Various Rhinestones, Nail Glue, Glossy Top Coat",1
024.jpg,French Ombré with 3D Flowers & Pearls,Làm Móng Ombré Kiểu Pháp (Hoa 3D & Hạt Ngọc),Full Set,Làm bộ móng mới,Glossy,Acrylic,Medium,Almond / Stiletto,Complex,"Classic pink and white ombré (French fade) with 3D white flowers, small pearls, and gold bead accents at the cuticle.","French Ombré, 3D Flowers, Pearls, Gold Beads",150,120,High,2-3,Yes,Yes,30,Very elegant and popular bridal/formal design. 3D elements require careful application.,Thiết kế cô dâu/dự tiệc rất thanh lịch và phổ biến. Các yếu tố 3D yêu cầu kỹ năng gắn tỉ mỉ.,"Bridal, Wedding, Spring, Formal","French Ombré, 3D Flowers, Pearl Nails, Wedding Nails","Nude Pink Acrylic Powder, White Acrylic Powder, Clear Acrylic, Monomer, Nail Forms, 3D White Flowers, Small Pearls, Gold Beads, Nail Glue, Glossy Top Coat",0
025.jpg,XL Christmas Ombré with Snowflakes,Làm Móng Ombré Giáng Sinh Dài (Bông Tuyết),Full Set,Làm bộ móng mới,Glossy / Glitter,Acrylic,XL,Coffin,Complex,Pink and white ombré with encapsulated silver glitter. Features hand-painted white snowflakes and white/silver candy cane stripes.,"Ombré, Encapsulated Glitter, Hand-painted Snowflakes, Candy Cane Stripes",180,150,Premium,2-3,Yes,Yes,30,Highly detailed holiday set. Snowflakes and stripes require fine line work.,Bộ móng lễ hội rất chi tiết. Bông tuyết và sọc yêu cầu kỹ năng vẽ đường nét tinh xảo.,"Christmas, Winter, Holiday","Christmas Nails, Snowflake Nails, Ombré, XL Nails, Candy Cane","Pink Acrylic Powder, White Acrylic Powder, Clear Acrylic, Monomer, Nail Forms, Silver Glitter, White Art Gel, Silver Art Gel, Liner Brush, Glossy Top Coat",0
026.jpg,Classic French Ombré Manicure with Flower,Sơn Gel Ombré Kiểu Pháp Cổ Điển (Có Hoa),Manicure / Gel-X,Làm móng tay / Móng Gel-X,Glossy,None / Builder Gel,Short / Medium,Almond / Oval,Moderate,Soft pink and white ombré. One accent nail with a small white hand-painted flower and gold beads.,"French Ombré, Hand-painted Flower, Gold Beads",105,85,Mid-High,2-3,Yes (with rebalance),Yes,20,"Elegant and timeless design, suitable for natural nails or short enhancements.","Thiết kế thanh lịch và vượt thời gian, phù hợp cho móng tự nhiên hoặc móng đắp ngắn.","Bridal, Spring, Everyday Elegant","French Ombré, Minimalist Flower, Wedding Nails","Nude Pink Gel Polish, White Gel Polish, Ombré Brush, White Art Gel, Fine Liner Brush, Gold Beads, Base Coat, Top Coat",1
027.jpg,XL Green Christmas Set with Glitter,Làm Móng Giáng Sinh Xanh Dài (Kim Tuyến),Full Set,Làm bộ móng mới,Glossy / Glitter,Acrylic,XL,Coffin,Complex,"Vibrant green base with white snowflakes, white candy cane stripes, and chunky green glitter accents. Some nails are entirely glitter.","Hand-painted Snowflakes, Candy Cane Stripes, Chunky Glitter",180,150,Premium,2-3,Yes,Yes,30,Bold and festive holiday design. Glitter encapsulation adds to complexity.,Thiết kế lễ hội táo bạo và rực rỡ. Kỹ thuật ẩn kim tuyến làm tăng độ phức tạp.,"Christmas, Winter, Holiday","Christmas Nails, Snowflake Nails, Glitter Nails, Green Nails","Emerald Green Acrylic Powder, White Acrylic Powder, Clear Acrylic, Monomer, Nail Forms, White Art Gel, Green Chunky Glitter, Liner Brush, Glossy Top Coat",0
028.jpg,Monarch Butterfly Art Full Set,Làm Móng Nghệ Thuật Bướm Monarch,Full Set,Làm bộ móng mới,Glossy,Acrylic / Gel-X,Medium,Almond / Stiletto,Extreme,"Each nail individually painted to resemble monarch butterfly wings (black outline, orange fill, white dots).",Hand-painted Detailed Art,210,180,Premium,2-3,Yes (with rebalance),Yes,25,"Highly skilled, detailed art. This will be a showstopper piece.","Nghệ thuật rất có kỹ năng, chi tiết. Đây sẽ là một tác phẩm gây ấn tượng.","Summer, Spring, Festival","Butterfly Nails, Detailed Art, Hand-painted","Clear Acrylic/Gel-X, Nude Gel Polish (base), Black Art Gel, Orange Gel Polish, White Art Gel, Fine Detail Brush, Glossy Top Coat",0
029.jpg,Long Square French with 3D Charms,Làm Móng Vuông Dài Kiểu Pháp (Đính Charm 3D),Full Set,Làm bộ móng mới,Glossy,Acrylic,Long,Square,Complex,"Classic pink and white French tips with multiple 3D silver heart charms, rhinestones, and delicate white swirls.","3D Charms, Rhinestones, Hand-painted Swirls",180,150,Premium,2-3,Yes,Yes,30,"Romantic, luxurious set. Requires strong adhesion for charms.","Bộ móng lãng mạn, sang trọng. Yêu cầu keo dán charm chắc chắn.","Valentine's Day, Bridal, Formal","French Tip, 3D Charms, Bling Nails, Love Nails","Nude Pink Acrylic Powder, White Acrylic Powder, Clear Acrylic, Monomer, Nail Forms, Silver Heart Charms, Various Rhinestones, White Art Gel, Nail Glue, Glossy Top Coat",0
030.jpg,XL French Set with 3D Flowers & Gems,Làm Móng Kiểu Pháp Dài (Hoa 3D & Đá Quý),Full Set,Làm bộ móng mới,Glossy,Acrylic,XL,Coffin,Extreme,"Classic white French tips on a clear/nude base. Features intricate 3D white flowers and large, iridescent AB rhinestones/gems.","3D Flowers, Large Rhinestones/Gems, Extra Length",195,170,Premium,2-3,Yes,Yes,30,"Show-stopping design, very popular for special occasions. Requires significant time and materials.","Thiết kế gây ấn tượng mạnh, rất phổ biến cho các dịp đặc biệt. Yêu cầu nhiều thời gian và vật liệu.","Bridal, Wedding, Prom, Formal, Summer","3D Flowers, Bling Nails, French Tip, XL Nails","Clear/Nude Acrylic Powder, White Acrylic Powder, Monomer, Nail Forms, 3D White Flowers, Large Iridescent Rhinestones/Gems, Nail Glue, Glossy Top Coat",0
031.jpg,Classic French Pedicure with Spa Treatment,Làm Móng Chân Kiểu Pháp Cổ Điển (Kèm Dịch Vụ Spa),Pedicure,Làm móng chân,Glossy,None,Short,Square,Simple,White French tips on natural toenails. Image shows 'Bubble Spa' products (Honey Flower & Lavender).,"French Tip Art, Deluxe Pedicure (Bubble Spa)",75,70,Mid-High,4-6,No,Yes,15,"Standard French pedicure, elevated with premium spa products. Good for upselling.","Làm móng chân kiểu Pháp tiêu chuẩn, được nâng cấp với các sản phẩm spa cao cấp. Tốt để bán thêm dịch vụ.","All-Season, Bridal, Self-Care","French Pedicure, Spa Treatment","White Gel Polish, Nude Pink Gel Polish (base), Pedi Base Coat, Pedi Top Coat, Bubble Spa Salt (Honey Flower, Lavender), Pedicure Kit",0
032.jpg,Stiletto Gel-X with Abstract Swirls,Nối Móng Gel-X Dáng Nhọn (Vân Xoáy Trừu Tượng),Full Set (Gel-X),Làm bộ móng mới (Gel-X),Glossy,Gel-X,Medium,Stiletto,Moderate,"Bright red solid color on some nails, with accent nails featuring nude base and abstract white/red swirls.",Hand-painted Swirl Art,120,90,High,2-3,No,Yes (soak off),20,Modern and edgy design on Gel-X extensions. Swirls require a fine liner brush.,Thiết kế hiện đại và cá tính trên móng nối Gel-X. Vân xoáy yêu cầu cọ nét mảnh.,"Summer, Party, Valentine's Day","Swirl Nails, Abstract Nails, Red Nails, Gel-X","Gel-X Tips (Stiletto), Gel-X Adhesive, Bright Red Gel Polish, Nude Gel Polish, White Art Gel, Liner Brush, Top Coat",0
033.jpg,Short Almond Glitter French Set,Làm Móng Bột Dáng Hạnh Nhân Ngắn (Đầu Móng Kim Tuyến),Full Set,Làm bộ móng mới,Glossy / Glitter,Acrylic,Short,Almond,Simple,Nude pink base with silver glitter French tips. One accent nail features small gold butterfly charms and rhinestones.,"Glitter French Tip, Butterfly Charms, Rhinestones",105,80,Mid-High,2-3,Yes,Yes,25,"Subtle yet sparkly, a good option for clients who want French with a twist on shorter nails.","Tinh tế nhưng lấp lánh, một lựa chọn tốt cho khách hàng muốn kiểu Pháp cách điệu trên móng ngắn hơn.","All-Season, Spring, Bridal","Glitter French, Short Nails, Butterfly Nails","Nude Pink Acrylic Powder, Silver Glitter Acrylic/Gel, Clear Acrylic, Monomer, Nail Forms, Gold Butterfly Charms, Small Rhinestones, Nail Glue, Glossy Top Coat",0
034.jpg,Long Ombré with White French Tips,Làm Móng Ombré Dài (Đầu Móng Pháp Trắng),Full Set,Làm bộ móng mới,Glossy,Acrylic,Long,Coffin / Square,Moderate,"Ombré transition from nude pink to orange, topped with sharp white French tips.","Ombré, French Tip Art",150,110,High,2-3,Yes (complex),Yes,30,Combines two popular techniques: ombré and French. Requires skill for smooth blend and crisp lines.,Kết hợp hai kỹ thuật phổ biến: ombré và Pháp. Yêu cầu kỹ năng pha màu mịn và đường nét sắc sảo.,"Summer, Spring, Fall","Ombré Nails, French Tip, Coffin Nails, Orange Nails","Nude Pink Acrylic Powder, Orange Acrylic Powder, White Acrylic Powder, Clear Acrylic, Monomer, Nail Forms, Ombré Brush, Glossy Top Coat",0
035.jpg,XL Coffin Set with Purple Glitter & 3D Butterflies,Làm Móng Bột Dáng Hòm Dài (Kim Tuyến Tím & Bướm 3D),Full Set,Làm bộ móng mới,Glossy / Glitter,Acrylic,XL,Coffin,Complex,"Sheer purple ombré/fade with encapsulated purple glitter. Features 3D butterfly charms, small flowers, and rhinestones.","Ombré, Encapsulated Glitter, 3D Butterfly Charms, 3D Flowers, Rhinestones",195,160,Premium,2-3,Yes (complex),Yes,30,"Very elaborate and glamorous set, popular for festivals or special events. Requires extensive time and material.","Bộ móng rất công phu và quyến rũ, phổ biến cho lễ hội hoặc sự kiện đặc biệt. Yêu cầu nhiều thời gian và vật liệu.","Spring, Summer, Festival, Prom","Purple Nails, Glitter Nails, Butterfly Nails, 3D Art, XL Nails, Coffin Nails","Sheer Purple Acrylic Powder, Clear Acrylic, Monomer, Nail Forms, Purple Fine Glitter, 3D Butterfly Charms, Small 3D Flowers, Various Rhinestones, Nail Glue, Glossy Top Coat",0
036.jpg,Pink & White Ombré Square Set,Làm Móng Ombré Hồng Trắng Dáng Vuông,Full Set,Làm bộ móng mới,Glossy,Acrylic,Medium,Square,None,Classic pink and white ombré (French fade).,Ombré,105,85,High,2-3,Yes,Yes,25,"Timeless and elegant, a very popular and versatile ombré style. Price reflects length and acrylic application.","Vượt thời gian và thanh lịch, một kiểu ombré rất phổ biến và đa năng. Giá phản ánh chiều dài và việc đắp bột.","All-Season, Bridal, Everyday Elegant","Pink & White Ombré, French Fade, Square Nails","Nude Pink Acrylic Powder, White Acrylic Powder, Clear Acrylic, Monomer, Nail Forms, Ombré Brush, Glossy Top Coat",0
037.jpg,XL Coffin Bling Set with Pink & Clear Gems,Làm Móng Bột Dáng Hòm Dài (Đính Đá Hồng & Trong Suốt),Full Set,Làm bộ móng mới,Glossy / Bling,Acrylic,XL,Coffin,Extreme,"Nude pink base with extensive full-coverage rhinestone application using large, iridescent pink and clear gems. Some nails have smaller scattered rhinestones.","Full Bling Nails, Large Rhinestones, Extra Length",240,200,Premium,2-3,Yes (complex),Yes,30,Maximalist 'Bling' design. Very time and material intensive. Price should reflect this.,Thiết kế 'Bling' tối đa. Rất tốn thời gian và vật liệu. Giá nên phản ánh điều này.,"Party, Festival, Prom, New Year's, Special Occasion","Bling Nails, Rhinestone Nails, XL Nails, Coffin Nails, Pink Nails","Nude Pink Acrylic Powder, Clear Acrylic, Monomer, Nail Forms, Various Large Iridescent Pink/Clear Rhinestones, Nail Glue, Glossy Top Coat",0
038.jpg,Almond Gel Polish with Red Flowers,Sơn Gel Dáng Hạnh Nhân (Hoa Đỏ),Manicure / Gel-X,Làm móng tay / Móng Gel-X,Glossy,None / Builder Gel,Medium,Almond,Complex,Deep burgundy/red base with hand-painted white and red hibiscus-style flowers on accent nails.,Hand-painted Floral Art,105,90,Mid-High,2-3,No,Yes,20,"Elegant floral design, requires detailed hand-painting skill. Good for natural nails or short extensions.","Thiết kế hoa thanh lịch, yêu cầu kỹ năng vẽ tay chi tiết. Tốt cho móng tự nhiên hoặc móng đắp ngắn.","Summer, Fall, Holiday","Floral Nails, Hand-painted Art, Dark Red Nails","Burgundy Gel Polish, White Art Gel, Red Art Gel, Fine Detail Brush, Base Coat, Top Coat",1
039.jpg,Long Square Pink Ombré with 3D Charms,Làm Móng Ombré Hồng Dài Dáng Vuông (Đính Charm 3D),Full Set,Làm bộ móng mới,Glossy,Acrylic,Long,Square,Complex,"Pink and white ombré base with various 3D white flowers, gold butterfly charms, and rhinestones. Some nails have pink V-French tips.","Pink & White Ombré, 3D Flowers, Butterfly Charms, Rhinestones, V-French Tip",195,160,Premium,2-3,Yes (complex),Yes,30,"Richly decorated set, combines multiple popular art elements. Very Instagrammable.","Bộ móng được trang trí phong phú, kết hợp nhiều yếu tố nghệ thuật phổ biến. Rất thích hợp để đăng Instagram.","Spring, Summer, Bridal, Prom","Pink Ombré, 3D Art, Butterfly Nails, Bling Nails, Square Nails","Pink Acrylic Powder, White Acrylic Powder, Clear Acrylic, Monomer, Nail Forms, 3D White Flowers, Gold Butterfly Charms, Various Rhinestones, Nail Glue, Glossy Top Coat",0
040.jpg,Medium Square French Manicure,Làm Móng Tay Kiểu Pháp Dáng Vuông Trung Bình,Manicure / Full Set,Làm móng tay / Làm bộ móng mới,Glossy,None / Gel-X,Medium,Square,None,Classic pink and white French tips.,French Tip Art,90,70,Mid-High,2-3,Yes (with rebalance),Yes,20,"Timeless and always in demand. Can be done on natural nails, builder gel, or Gel-X.","Vượt thời gian và luôn được yêu cầu. Có thể làm trên móng tự nhiên, builder gel, hoặc Gel-X.","All-Season, Bridal, Classic","French Manicure, Classic Nails, Square Nails","Nude Pink Gel Polish, White Art Gel, Fine Liner Brush, Base Coat, Top Coat",0
041.jpg,Kawaii Character Full Set,Làm Móng Bột Dáng Vuông Dài (Nhân Vật Kawaii),Full Set,Làm bộ móng mới,Glossy / Glitter,Acrylic,Long,Square,Extreme,"Nude pink base with white French tips. Features various cute 3D charms (Hello Kitty, strawberry, butterfly), encapsulated glitter, and small rhinestones.","3D Charms (Kawaii), Encapsulated Glitter, Rhinestones, French Tip Art",210,180,Premium,2-3,Yes (complex),Yes,30,"Highly detailed and cute set, popular with younger clientele or those who love elaborate art. Very time consuming.","Bộ móng rất chi tiết và dễ thương, phổ biến với khách hàng trẻ tuổi hoặc những người yêu thích nghệ thuật cầu kỳ. Rất tốn thời gian.","All-Season, Trendy, Youth","Kawaii Nails, 3D Charms, Hello Kitty Nails, Glitter Nails","Nude Pink Acrylic, White Acrylic, Clear Acrylic, Monomer, Nail Forms, Hello Kitty Charm, Strawberry Charm, Butterfly Charms, Small Rhinestones, Pink Glitter, Nail Glue, Glossy Top Coat",0
042.jpg,Halloween Pink Stiletto Set,Làm Móng Nhọn Dáng Halloween Hồng,Full Set / Manicure,Làm bộ móng mới / Làm móng tay,Glossy,Acrylic / Gel-X,Long,Stiletto,Complex,"Pink and black Halloween-themed art including spiderwebs, ghosts, hearts, and abstract patterns. Stiletto shape.","Hand-painted Halloween Art, Multi-Color",150,120,High,2-3,No,Yes,25,"Fun, festive Halloween set. Requires detailed line work for spiderwebs and character drawing.","Bộ móng Halloween vui nhộn, lễ hội. Yêu cầu vẽ đường nét chi tiết cho mạng nhện và nhân vật.","Halloween, Fall, Spooky","Halloween Nails, Pink Halloween, Stiletto Nails, Spooky Cute","Pink Gel Polish, Black Art Gel, White Art Gel, Fine Liner Brush, Dotting Tool, Base Coat, Top Coat",0
043.jpg,Blue Abstract Full Set (Ad Image),Làm Móng Bột Xanh Trừu Tượng (Ảnh Quảng Cáo),Full Set,Làm bộ móng mới,Glossy / Glitter,Acrylic,XL,Coffin / Stiletto,Extreme,"Complex blue-themed set featuring abstract swirls, encapsulated glitter, rhinestones, and French tips. Ad image with business info.","Abstract Swirls, Encapsulated Glitter, Rhinestones, French Tips, Extra Length",240,200,Premium,2-3,Yes (complex),Yes,30,Showcases multiple advanced techniques. The image is an advertisement; pricing should reflect the high skill and time involved.,Trưng bày nhiều kỹ thuật nâng cao. Hình ảnh là quảng cáo; giá nên phản ánh kỹ năng cao và thời gian thực hiện.,"Summer, Trendy, Glamorous","Abstract Nails, Blue Nails, Glitter Nails, Bling Nails, XL Nails","Various Blue Acrylic Powders, Clear Acrylic, Monomer, Nail Forms, Blue Glitter, Rhinestones, White Art Gel, Liner Brush, Nail Glue, Glossy Top Coat",0
044.jpg,Yellow V-French with 3D Flowers,Làm Móng Bột Dáng Chữ V Vàng (Hoa 3D),Full Set,Làm bộ móng mới,Glossy,Acrylic,Long,Square,Complex,Nude pink base with bold yellow V-French tips. Adorned with small 3D yellow flowers along the V-line.,"V-French Art, 3D Flowers",150,120,High,2-3,Yes,Yes,30,Vibrant spring/summer design. 3D flowers add texture and intricacy.,Thiết kế rực rỡ cho mùa xuân/hè. Hoa 3D thêm kết cấu và độ phức tạp.,"Spring, Summer, Easter","V-French, Yellow Nails, 3D Flowers, Square Nails","Nude Pink Acrylic, Yellow Acrylic, Clear Acrylic, Monomer, Nail Forms, Yellow 3D Flowers, Nail Glue, Glossy Top Coat",0
045.jpg,Pink & White Glitter Ombré with 3D Charms,Làm Móng Ombré Hồng Trắng Kim Tuyến (Đính Charm 3D),Full Set,Làm bộ móng mới,Glossy / Glitter,Acrylic,Medium,Square,Complex,"Pink and white ombré with a subtle pink glitter fade. Features 3D gold butterfly charms, small hearts, and rhinestones.","Pink & White Ombré, Glitter Fade, 3D Charms, Rhinestones",165,130,High,2-3,Yes (complex),Yes,30,Elegant and playful design. Charms and glitter require secure application.,Thiết kế thanh lịch và vui tươi. Charm và kim tuyến yêu cầu gắn chắc chắn.,"Spring, Summer, Valentine's Day","Pink Ombré, Glitter Nails, Butterfly Nails, 3D Charms, Square Nails","Pink Acrylic Powder, White Acrylic Powder, Clear Acrylic, Monomer, Nail Forms, Pink Fine Glitter, Gold Butterfly Charms, Small Heart Decals, Rhinestones, Nail Glue, Glossy Top Coat",0
046.jpg,Strawberry & Heart Valentine's Set (Ad Image),Làm Móng Valentine Dâu Tây & Tim (Ảnh Quảng Cáo),Full Set / Manicure,Làm bộ móng mới / Làm móng tay,Glossy / 3D,Acrylic / Gel-X,Long,Coffin / Square,Extreme,"Mixed art design with pink and red colors. Features hand-painted strawberries, hearts, 3D bows, pearls, and polka dots. Ad image with business info.","Hand-painted Art, 3D Bows, Pearls, Extra Length",210,180,Premium,2-3,No,Yes,30,"Very intricate holiday/themed set, requiring high artistic skill. Pricing should be premium due to complexity and time.","Bộ móng lễ hội/chủ đề rất phức tạp, yêu cầu kỹ năng nghệ thuật cao. Giá nên ở mức cao cấp do độ phức tạp và thời gian.","Valentine's Day, Summer (Strawberries), Romantic","Strawberry Nails, Heart Nails, 3D Bows, Kawaii Nails, Valentine's Nails","Pink Gel Polish, Red Gel Polish, White Art Gel, Green Art Gel, Fine Liner Brush, Dotting Tool, 3D Bows, Pearls, Base Coat, Top Coat",0
047.jpg,Deep Red & White French with 3D Bows,Làm Móng Tay Kiểu Pháp Đỏ Đậm & Trắng (Nơ 3D),Manicure / Full Set,Làm móng tay / Làm bộ móng mới,Glossy,None / Gel-X,Medium,Almond / Oval,Complex,Deep red V-French tips and white tips on a nude base. Features white 3D bows and small rhinestones on accent nails.,"V-French Art, 3D Bows, Rhinestones",135,110,High,2-3,Yes (with rebalance),Yes,20,Elegant and playful design. Good for holiday or special occasions.,Thiết kế thanh lịch và vui tươi. Thích hợp cho dịp lễ hoặc sự kiện đặc biệt.,"Christmas, Valentine's Day, Formal","French Tip, V-French, 3D Bows, Red Nails, Rhinestone Nails","Nude Pink Gel Polish, Deep Red Gel Polish, White Gel Polish, White 3D Bows, Small Rhinestones, Nail Glue, Fine Liner Brush, Base Coat, Top Coat",0
048.jpg,Black French Pedicure & Manicure Set,Làm Bộ Móng Chân & Móng Tay Pháp Đen,Pedicure & Full Set,Làm móng chân & Làm bộ móng mới,Glossy,Acrylic (hands) / None (feet),Long (hands) / Short (feet),Coffin (hands) / Square (feet),Moderate,"Matching black French tips on both hands and feet. The hand nails are long and coffin-shaped, while toenails are short and square.","French Tip Art, Pedicure",165,130,High,"2-3 (hands), 4-6 (feet)","Yes (hands), No (feet)",Yes,30,A sophisticated matching set. The hand nails have a unique 'half-moon' cuticle line on the black tip.,Một bộ móng đôi tinh tế. Móng tay có đường viền đen 'hình bán nguyệt' độc đáo ở gần biểu bì.,"All-Season, Evening, Edgy","Black French, Matching Mani Pedi, Coffin Nails, Minimalist","Nude Pink Acrylic/Gel Polish, Black Acrylic/Gel Polish, Clear Acrylic, Monomer, Nail Forms (hands), Pedicure Base Coat, Pedicure Top Coat, Glossy Top Coat",0
049.jpg,Holiday Gel Manicure Set (4 Hands),Làm Móng Gel Lễ Hội (4 Tay),Manicure,Làm móng tay,Glossy / Glitter,None,Short / Medium,Oval / Square,Simple,"Four hands with various holiday-themed gel polish applications: solid red, light green glitter, solid white, and white glitter.","Glitter Gel, Multi-Color (4 colors)",75,65,Mid,2-3,No,Yes,15,Example of simple gel polish options for holidays. Can be marketed as 'friends' manicure' package.,Ví dụ về các lựa chọn sơn gel đơn giản cho dịp lễ. Có thể được tiếp thị như gói 'làm móng cho bạn bè'.,"Christmas, Holiday, Winter","Holiday Nails, Red Nails, Green Glitter, White Nails","Red Gel Polish, Green Glitter Gel Polish, White Gel Polish, Silver Glitter Gel Polish, Base Coat, Top Coat",0
050.jpg,Blue Cat Eye Stiletto Full Set,Làm Móng Bột Dáng Nhọn Mắt Mèo Xanh,Full Set,Làm bộ móng mới,Cat Eye / Glossy,Acrylic,Long,Stiletto,Moderate,Dark blue cat eye effect with subtle black marbling on long stiletto nails.,"Cat Eye Gel, Marbling Art",150,120,High,2-3,Yes,Yes,30,Dramatic and mystical look. Cat eye effect requires magnetic tool. Marbling adds depth.,Vẻ ngoài ấn tượng và huyền bí. Hiệu ứng mắt mèo yêu cầu công cụ nam châm. Kỹ thuật vân đá thêm chiều sâu.,"Fall, Winter, Evening, Edgy","Cat Eye Nails, Blue Nails, Stiletto Nails, Dark Nails","Clear Acrylic, Monomer, Nail Forms, Dark Blue Cat Eye Gel Polish, Black Gel Polish (for marbling), Magnet Tool, Glossy Top Coat",0
051.jpg,Neon French Pedicure with V-Tips,Làm Móng Chân Kiểu Pháp Neon (Đầu Móng Chữ V),Pedicure,Làm móng chân,Glossy,None,Short,Square,Moderate,Natural nude base with neon green and yellow V-shaped French tips on toenails. Features a toe ring.,"V-French Art, Neon Colors",60,60,Mid-High,4-6,No,Yes,15,"Trendy and vibrant pedicure, perfect for summer. Requires steady hand for V-tips.","Làm móng chân thời thượng và rực rỡ, hoàn hảo cho mùa hè. Yêu cầu tay nghề vững để vẽ đầu móng chữ V.","Summer, Spring, Festival","Neon Nails, V-French, Pedicure, Trendy","Nude Pink Gel Polish, Neon Green Gel Polish, Neon Yellow Gel Polish, Fine Liner Brush, Pedicure Base Coat, Pedicure Top Coat",0
052.jpg,Valentine's Heart Bling Full Set (Ad Image),Làm Móng Bột Đính Đá Trái Tim Valentine (Ảnh Quảng Cáo),Full Set,Làm bộ móng mới,Glossy / Bling,Acrylic,XL,Coffin / Square,Extreme,Long white nails with extensive red rhinestone hearts and full red glitter nails. Ad image with business info.,"Full Bling Art, Rhinestone Hearts, Red Glitter, Extra Length",240,220,Premium,2-3,Yes (complex),Yes,30,"High-impact, luxurious Valentine's Day design. Very time and material intensive. Pricing should be premium.","Thiết kế Ngày Valentine sang trọng, tạo ấn tượng mạnh. Rất tốn thời gian và vật liệu. Giá nên ở mức cao cấp.","Valentine's Day, Holiday, Romantic","Bling Nails, Heart Nails, Red Glitter, XL Nails, Coffin Nails","White Acrylic Powder, Clear Acrylic, Monomer, Nail Forms, Red Rhinestones, Red Glitter, Nail Glue, Glossy Top Coat",0
053.jpg,Blue Evil Eye French Full Set,Làm Móng Bột Pháp Mắt Ác Xanh,Full Set,Làm bộ móng mới,Glossy,Acrylic,Medium / Long,Coffin,Complex,Nude base with blue V-French tips. Features hand-painted evil eye designs and small heart accents.,"V-French Art, Hand-painted Evil Eye, Heart Decals/Art",150,120,High,2-3,Yes,Yes,30,Trendy and spiritual design. Evil eye art requires precision with fine brushes.,Thiết kế thời thượng và mang tính tâm linh. Vẽ mắt ác yêu cầu độ chính xác cao với cọ mảnh.,"All-Season, Trendy, Boho","Evil Eye Nails, Blue Nails, V-French, Coffin Nails","Nude Pink Acrylic, Blue Acrylic, White Art Gel, Black Art Gel, Fine Liner Brush, Heart Decals, Clear Acrylic, Monomer, Nail Forms, Glossy Top Coat",0
054.jpg,Pink French with 3D Flowers & Rhinestones,Làm Móng Bột Pháp Hồng (Hoa 3D & Đá),Full Set,Làm bộ móng mới,Glossy,Acrylic,Long,Square,Complex,Nude pink base with classic white French tips. Accent nails feature delicate 3D white flowers and small iridescent rhinestones.,"French Tip Art, 3D Flowers, Rhinestones",165,130,High,2-3,Yes,Yes,30,Elegant and popular choice for bridal or formal events. 3D elements require careful application.,Lựa chọn thanh lịch và phổ biến cho cô dâu hoặc sự kiện trang trọng. Các yếu tố 3D yêu cầu gắn tỉ mỉ.,"Bridal, Wedding, Spring, Formal","French Tip, 3D Flowers, Rhinestone Nails, Square Nails","Nude Pink Acrylic Powder, White Acrylic Powder, Clear Acrylic, Monomer, Nail Forms, Small White 3D Flowers, Iridescent Rhinestones, Nail Glue, Glossy Top Coat",0
055.jpg,Strawberry & Heart Valentine's Full Set,Làm Móng Bột Valentine Dâu Tây & Tim,Full Set,Làm bộ móng mới,Glossy / 3D,Acrylic,XL,Coffin / Square,Extreme,"Mixed art design with pink and red colors on clear/nude base. Features hand-painted strawberries, red hearts, and pink 3D bows.","Hand-painted Art, 3D Bows, Multi-color, Extra Length",225,190,Premium,2-3,No,Yes,30,Highly intricate and cute Valentine's themed set. Requires significant artistic skill and time. Customer wearing a Tom and Jerry shirt.,Bộ móng chủ đề Valentine rất phức tạp và dễ thương. Yêu cầu kỹ năng nghệ thuật và thời gian đáng kể. Khách hàng mặc áo Tom và Jerry.,"Valentine's Day, Summer (Strawberries), Romantic","Strawberry Nails, Heart Nails, 3D Bows, Kawaii Nails, Valentine's Nails","Clear Acrylic, Nude Pink Acrylic, Monomer, Nail Forms, Red Art Gel, Pink Art Gel, Green Art Gel, White Art Gel, Fine Liner Brush, Pink 3D Bows, Nail Glue, Glossy Top Coat",0
056.jpg,Pastel Blue Heart Tip Full Set,Làm Móng Bột Đầu Móng Trái Tim Xanh Pastel,Full Set,Làm bộ móng mới,Glossy,Acrylic,Medium,Coffin / Square,Moderate,Nude pink base with pastel blue heart-shaped French tips and delicate purple swirls. Features a silver business card.,"Heart French Tip, Hand-painted Swirls",135,100,High,2-3,Yes,Yes,30,Sweet and trendy design. Heart tips and swirls require precise application. The image context is clear with the business card.,Thiết kế ngọt ngào và thời thượng. Đầu móng hình trái tim và vân xoáy yêu cầu độ chính xác cao. Bối cảnh hình ảnh rõ ràng với danh thiếp.,"Spring, Valentine's Day, Summer","Heart Nails, Pastel Nails, Swirl Nails, French Tip Variation","Nude Pink Acrylic, Pastel Blue Acrylic, Clear Acrylic, Monomer, Nail Forms, Purple Art Gel, Fine Liner Brush, Glossy Top Coat",0
057.jpg,Animal Print & Red French Full Set,Làm Móng Bột Pháp Đỏ & Họa Tiết Da Báo,Full Set,Làm bộ móng mới,Glossy / Metallic,Acrylic,Long,Stiletto / Almond,Complex,"Mixed design: classic white French tips, solid red nails, gold chrome nails, and hand-painted leopard print nails. Gold stud accents.","French Tip, Animal Print Art, Gold Chrome, Gold Studs",180,150,Premium,2-3,Yes (complex),Yes,30,Bold and fashionable mixed media set. Leopard print and chrome are popular trends.,Bộ móng đa phương tiện táo bạo và thời trang. Họa tiết da báo và chrome là những xu hướng phổ biến.,"Fall, Winter, Edgy, Fashion","Animal Print Nails, Leopard Print, Red Nails, Gold Chrome, French Tip","Nude Pink Acrylic, White Acrylic, Red Acrylic, Black Art Gel, Brown Gel Polish, Gold Chrome Powder, Gold Studs, Clear Acrylic, Monomer, Nail Forms, Fine Liner Brush, Glossy Top Coat",0
058.jpg,Marble & Gold Accent Stiletto Full Set,Làm Móng Bột Dáng Nhọn Vân Đá Cẩm Thạch & Vàng,Full Set,Làm bộ móng mới,Glossy,Acrylic,Medium / Long,Stiletto / Almond,Complex,White base with subtle pastel blue/purple marbling and gold foil/lines. One ring on the client's hand.,"Marble Art, Gold Foil/Lines",150,120,High,2-3,Yes,Yes,30,Elegant and sophisticated design. Marbling technique requires skill and artistic eye.,Thiết kế thanh lịch và tinh tế. Kỹ thuật vân đá cẩm thạch yêu cầu kỹ năng và con mắt nghệ thuật.,"All-Season, Elegant, Formal","Marble Nails, Gold Accents, Stiletto Nails, Classy","White Acrylic Powder, Clear Acrylic, Monomer, Nail Forms, Pastel Blue/Purple Gel Polish (for marbling), Gold Foil/Gel, Fine Liner Brush, Glossy Top Coat",0
059.jpg,Hot Pink Outline French Full Set,Làm Móng Bột Pháp Viền Hồng,Full Set,Làm bộ móng mới,Glossy,Acrylic,Long,Stiletto / Almond,Moderate,Nude pink base with hot pink outline French tips and hot pink half-moon designs at the cuticle.,"Outline French, Half-Moon Art, Multi-color",135,100,High,2-3,Yes,Yes,30,Modern and stylish take on French manicure. Requires fine line work.,Phiên bản hiện đại và thời trang của kiểu móng Pháp. Yêu cầu kỹ năng vẽ đường nét mảnh.,"Summer, Spring, Trendy","Outline French, Pink Nails, Stiletto Nails, Modern French","Nude Pink Acrylic, Hot Pink Acrylic/Gel Polish, Clear Acrylic, Monomer, Nail Forms, Fine Liner Brush, Glossy Top Coat",0
060.jpg,White French with Pink 3D Bows,Làm Móng Bột Pháp Trắng (Nơ 3D Hồng),Full Set,Làm bộ móng mới,Glossy / 3D,Acrylic,Long,Square,Complex,Classic white French tips on a nude pink base. Features adorable pink 3D bows on accent nails.,"French Tip Art, 3D Bows",150,120,High,2-3,Yes,Yes,30,"Cute and classic combination, popular for a feminine look. 3D bows need secure attachment.","Sự kết hợp dễ thương và cổ điển, phổ biến cho vẻ ngoài nữ tính. Nơ 3D cần được gắn chắc chắn.","Spring, Valentine's Day, Bridal","French Tip, 3D Bows, Pink Nails, Classic Nails","Nude Pink Acrylic Powder, White Acrylic Powder, Clear Acrylic, Monomer, Nail Forms, Pink 3D Bows, Nail Glue, Glossy Top Coat",0
061.jpg,Pink & White Snake Print French Full Set (Ad Image),Làm Móng Bột Pháp Hồng Trắng Họa Tiết Da Rắn (Ảnh Quảng Cáo),Full Set,Làm bộ móng mới,Glossy,Acrylic,Long,Almond / Stiletto,Complex,Nude pink base with white French tips and accent nails featuring pink snake print. Ad image with business info.,"French Tip Art, Snake Print Art, Multi-color",150,120,High,2-3,Yes,Yes,30,"Trendy animal print design, popular for clients seeking an edgy yet feminine look.","Thiết kế họa tiết động vật thời thượng, phổ biến cho khách hàng tìm kiếm vẻ ngoài cá tính nhưng nữ tính.","All-Season, Trendy, Edgy","Snake Print Nails, Pink Nails, French Tip, Almond Nails","Nude Pink Acrylic, White Acrylic, Pink Gel Polish, Fine Liner Brush, Clear Acrylic, Monomer, Nail Forms, Glossy Top Coat",0
062.jpg,Red & Gold Bling French Full Set,Làm Móng Bột Pháp Đỏ & Vàng Đính Đá,Full Set,Làm bộ móng mới,Glossy / Bling,Acrylic,Medium,Square,Extreme,Nude pink base with red and white French tips. Accent nails feature elaborate gold rhinestone crosses and mixed gold/red gems.,"French Tip Art, Gold Rhinestone Crosses, Mixed Gems, Bling Art",195,160,Premium,2-3,Yes (complex),Yes,30,"High-glamour design, ideal for special occasions or clients who love bold bling. Requires precision for gem placement.","Thiết kế lộng lẫy, lý tưởng cho các dịp đặc biệt hoặc khách hàng yêu thích sự lấp lánh nổi bật. Yêu cầu độ chính xác cao khi đính đá.","Holiday, Party, Glamorous","Bling Nails, Red Nails, Gold Nails, French Tip, Rhinestone Cross","Nude Pink Acrylic, White Acrylic, Red Acrylic, Clear Acrylic, Monomer, Nail Forms, Gold Rhinestone Cross Charms, Various Red/Gold Rhinestones, Nail Glue, Glossy Top Coat",0
063.jpg,Pink Ombré with 3D Flowers & Bling (Ad Image),Làm Móng Ombré Hồng (Hoa 3D & Đính Đá - Ảnh Quảng Cáo),Full Set,Làm bộ móng mới,Glossy / Bling,Acrylic,Long,Coffin / Square,Extreme,"Pink ombré nails with white 3D flowers, silver rhinestones, and delicate white swirls. Ad image with business info.","Pink Ombré, 3D Flowers, Rhinestones, Swirl Art",210,180,Premium,2-3,Yes (complex),Yes,30,"Very popular, feminine, and glamorous design combining multiple techniques.","Thiết kế rất phổ biến, nữ tính và quyến rũ kết hợp nhiều kỹ thuật.","Spring, Bridal, Prom, Valentine's Day","Pink Ombré, 3D Flowers, Bling Nails, Swirl Nails, Coffin Nails","Pink Acrylic Powder, White Acrylic Powder, Clear Acrylic, Monomer, Nail Forms, White 3D Flowers, Silver Rhinestones, White Art Gel, Fine Liner Brush, Nail Glue, Glossy Top Coat",0
064.jpg,Light Pink Gel Manicure with Mandala Art (Ad Image),Sơn Gel Hồng Nhạt (Họa Tiết Mandala - Ảnh Quảng Cáo),Manicure,Làm móng tay,Glossy,None,Short / Medium,Oval,Complex,"Light pink gel polish on natural nails, with two accent nails featuring intricate black mandala-style hand-painted art. Ad image with business info.",Hand-painted Mandala Art,90,75,Mid-High,2-3,No,Yes,15,Elegant and artistic design for clients seeking something unique on natural nails. Requires very fine detail brush.,Thiết kế thanh lịch và nghệ thuật cho khách hàng tìm kiếm sự độc đáo trên móng tự nhiên. Yêu cầu cọ nét rất mảnh.,"All-Season, Boho, Elegant","Mandala Nails, Pink Nails, Hand-painted Art, Gel Manicure","Light Pink Gel Polish, Black Art Gel, Fine Detail Brush, Base Coat, Top Coat",0
065.jpg,Sage Green Gel Manicure (Ad Image),Sơn Gel Xanh Xám (Ảnh Quảng Cáo),Manicure,Làm móng tay,Glossy,None,Medium,Square / Oval,None,Solid sage green gel polish on natural nails. Ad image with business info.,None,60,45,Mid,2-3,No,Yes,15,"Simple, clean, and trendy color choice. Good for clients who prefer classic single-color applications.","Màu sắc đơn giản, sạch sẽ và thời thượng. Tốt cho khách hàng thích sơn một màu cổ điển.","Spring, Summer, Fall, Minimalist","Sage Green Nails, Solid Color, Gel Manicure, Trendy Colors","Sage Green Gel Polish, Base Coat, Top Coat",0
066.jpg,Deluxe Pedicure with Assorted Bubble Salts,Làm Móng Chân Cao Cấp (Đa Dạng Muối Ngâm Chân),Pedicure,Làm móng chân,N/A (focus on treatment),None,N/A,N/A,None,"Image features feet soaking in a pedicure bowl with flower petals, surrounded by various 'Bubble Spa' deluxe pedicure kits (Pomegranate, Honey Flower, Golden Petal, Pacific Waves, Matcha).","Deluxe Pedicure, Choice of Aroma",75,65,Mid-High,4-6,No,No,0,Promotional image for luxury pedicure options. Focus is on the spa experience and product variety.,Hình ảnh quảng cáo cho các lựa chọn làm móng chân cao cấp. Tập trung vào trải nghiệm spa và sự đa dạng sản phẩm.,"All-Season, Self-Care, Relaxation","Spa Pedicure, Aroma Therapy, Wellness","Assorted Bubble Spa Deluxe Pedicure Kits (Pomegranate, Honey Flower, Golden Petal, Pacific Waves, Matcha), Pedicure Bowl, Fresh Flowers",0
067.jpg,Soft Pink Almond with Gold Swirls (Ad Image),Làm Móng Bột Hạnh Nhân Hồng Nhạt (Vân Vàng - Ảnh Quảng Cáo),Full Set,Làm bộ móng mới,Glossy,Acrylic,Medium,Almond,Moderate,Soft pink almond-shaped nails with delicate gold glitter swirls. Ad image with business info.,Gold Glitter Swirls,135,95,High,2-3,Yes,Yes,30,"Elegant and subtle design, popular for clients who want a touch of glam without being too bold.","Thiết kế thanh lịch và tinh tế, phổ biến cho khách hàng muốn một chút lộng lẫy mà không quá nổi bật.","All-Season, Bridal, Elegant","Gold Swirls, Pink Nails, Almond Nails, Glitter Accents","Soft Pink Acrylic Powder, Clear Acrylic, Monomer, Nail Forms, Gold Glitter Gel/Foil, Fine Liner Brush, Glossy Top Coat",0
068.jpg,Short Pink & White Floral Gel Manicure,Sơn Gel Hồng Trắng Ngắn (Họa Tiết Hoa),Manicure,Làm móng tay,Glossy,None,Short,Oval / Square,Moderate,"Solid pink gel polish on some nails, with accent nails featuring a white base and small pink/white flowers with green leaves.","Hand-painted Floral Art, Multi-color",75,65,Mid-High,2-3,No,Yes,15,Cute and fresh design for shorter nails. Floral art adds a delicate touch.,Thiết kế dễ thương và tươi mới cho móng ngắn. Nghệ thuật hoa thêm một nét tinh tế.,"Spring, Summer, Everyday Cute","Floral Nails, Pink Nails, Short Nails, Gel Manicure","Pink Gel Polish, White Gel Polish, Pink Art Gel, Green Art Gel, Dotting Tool, Fine Detail Brush, Base Coat, Top Coat",0
069.jpg,Gold Bling Stiletto Full Set,Làm Móng Bột Nhọn Đính Đá Vàng Lấp Lánh,Full Set,Làm bộ móng mới,Glossy / Bling,Acrylic,Long,Stiletto,Extreme,"Nude pink base with extensive gold rhinestone and charm application, creating a full 'bling' effect on long stiletto nails.","Full Bling Nails, Gold Rhinestones, Gold Charms, Extra Length",225,190,Premium,2-3,Yes (complex),Yes,30,"Maximalist and luxurious design. Very time and material intensive, requiring expert placement for a smooth finish.","Thiết kế tối đa và sang trọng. Rất tốn thời gian và vật liệu, yêu cầu kỹ năng đặt đá chuyên nghiệp để có một bề mặt mịn.","Party, Holiday, Glamorous, Festival","Bling Nails, Gold Nails, Stiletto Nails, Rhinestone Nails","Nude Pink Acrylic, Clear Acrylic, Monomer, Nail Forms, Various Gold Rhinestones, Gold Charms, Nail Glue, Glossy Top Coat",0
071.jpg,Pink Marble French Stiletto Full Set (Ad Image),Làm Móng Bột Nhọn Pháp Vân Đá Hồng (Ảnh Quảng Cáo),Full Set,Làm bộ móng mới,Glossy,Acrylic,Long,Stiletto,Complex,Nude pink base with white French tips and accent nails featuring hot pink marble or abstract line art. Ad image with business info.,"French Tip Art, Marble Art, Abstract Line Art",165,130,High,2-3,Yes,Yes,30,"Modern and artistic design, good for clients wanting a unique twist on French nails.","Thiết kế hiện đại và nghệ thuật, tốt cho khách hàng muốn một phong cách độc đáo cho móng Pháp.","All-Season, Trendy, Abstract","Marble Nails, Pink Nails, French Tip, Stiletto Nails","Nude Pink Acrylic, White Acrylic, Hot Pink Gel Polish, Fine Liner Brush, Clear Acrylic, Monomer, Nail Forms, Glossy Top Coat",0
072.jpg,Christmas Ombré with Snowflakes & Candy Cane,Làm Móng Ombré Giáng Sinh (Bông Tuyết & Kẹo Bạc Hà),Full Set,Làm bộ móng mới,Glossy / Glitter,Acrylic,Medium / Long,Coffin / Square,Complex,"Pink and white ombré nails with red glitter, hand-painted white snowflakes, and candy cane stripes. Features a mini Santa figurine.","Ombré, Glitter, Hand-painted Snowflakes, Candy Cane Stripes, Rhinestones",180,140,High,2-3,Yes,Yes,30,Festive and detailed holiday design. Requires good blending for ombré and steady hand for art.,Thiết kế lễ hội và chi tiết. Yêu cầu kỹ năng pha màu ombré tốt và tay nghề vững để vẽ.,"Christmas, Winter, Holiday","Christmas Nails, Ombré Nails, Snowflake Nails, Candy Cane Nails","Pink Acrylic Powder, White Acrylic Powder, Red Glitter Acrylic, Clear Acrylic, Monomer, Nail Forms, White Art Gel, Fine Liner Brush, Red Rhinestones, Nail Glue, Glossy Top Coat",0
075.jpg,White Solid Background Placeholder,Hình Nền Trắng Trống,Placeholder,Hình ảnh giữ chỗ,N/A,N/A,N/A,N/A,None,Solid white image. Likely a placeholder or background for future content.,None,0,0,N/A,N/A,N/A,N/A,0,This is a blank image. No service details can be extracted.,Đây là hình ảnh trống. Không thể trích xuất chi tiết dịch vụ.,N/A,N/A,N/A,0
076.jpg,Sunset Ombré Stiletto Full Set (Ad Image),Làm Móng Bột Nhọn Ombré Hoàng Hôn (Ảnh Quảng Cáo),Full Set,Làm bộ móng mới,Glossy,Acrylic,Long,Stiletto,Moderate,"Vibrant orange and pink ombré stiletto nails, resembling a sunset. Ad image with business info.","Ombré, Multi-color",135,100,High,2-3,Yes,Yes,30,"Eye-catching and popular ombré design, perfect for summer or bold clients.","Thiết kế ombré bắt mắt và phổ biến, hoàn hảo cho mùa hè hoặc khách hàng cá tính.","Summer, Spring, Trendy","Ombré Nails, Sunset Nails, Stiletto Nails, Vibrant Colors","Orange Acrylic Powder, Pink Acrylic Powder, Clear Acrylic, Monomer, Nail Forms, Glossy Top Coat",0
077.jpg,"Patriotic Red, White & Blue Coffin Full Set (Ad Image)",Làm Móng Bột Đỏ Trắng Xanh Yêu Nước Dáng Coffin (Ảnh Quảng Cáo),Full Set,Làm bộ móng mới,Glossy,Acrylic,Medium / Long,Coffin,Complex,"Red, white, and blue patriotic-themed nails. Features solid red, blue with white stars, and red/white stripes. Ad image with business info.","Patriotic Art, Stars, Stripes, Multi-color",165,130,High,2-3,Yes,Yes,30,Perfect for Independence Day or other patriotic events. Requires precision for stars and stripes.,Hoàn hảo cho Ngày Độc Lập hoặc các sự kiện yêu nước khác. Yêu cầu độ chính xác cao cho việc vẽ sao và sọc.,"Independence Day, Patriotic, Summer","American Flag Nails, Red White Blue Nails, Coffin Nails, Patriotic Nails","Red Acrylic Powder, White Acrylic Powder, Blue Acrylic Powder, Clear Acrylic, Monomer, Nail Forms, White Art Gel, Fine Liner Brush, Glossy Top Coat",0
079.jpg,Blue Solid Background Placeholder,Hình Nền Xanh Đậm Trống,Placeholder,Hình ảnh giữ chỗ,N/A,N/A,N/A,N/A,None,Solid dark blue image with some subtle light effects. Likely a placeholder or background for future content.,None,0,0,N/A,N/A,N/A,N/A,0,This is a blank/background image. No service details can be extracted.,Đây là hình ảnh trống/nền. Không thể trích xuất chi tiết dịch vụ.,N/A,N/A,N/A,0
080.jpg,"Patriotic Red, White & Blue Stiletto Full Set (Ad Image)",Làm Móng Bột Đỏ Trắng Xanh Yêu Nước Dáng Nhọn (Ảnh Quảng Cáo),Full Set,Làm bộ móng mới,Glossy / Bling,Acrylic,Long,Stiletto / Almond,Extreme,"Red, white, and blue patriotic-themed nails with extensive bling. Features blue with white stars, red/white stripes, and swirling red/white/blue designs with rhinestones. Ad image with business info.","Patriotic Art, Stars, Stripes, Swirls, Bling, Multi-color",210,170,Premium,2-3,Yes (complex),Yes,30,"Very intricate and dazzling patriotic design, perfect for making a statement during national holidays.","Thiết kế yêu nước rất phức tạp và lộng lẫy, hoàn hảo để tạo điểm nhấn trong các ngày lễ quốc gia.","Independence Day, Patriotic, Summer","American Flag Nails, Red White Blue Nails, Stiletto Nails, Bling Nails","Red Acrylic Powder, White Acrylic Powder, Blue Acrylic Powder, Clear Acrylic, Monomer, Nail Forms, White Art Gel, Fine Liner Brush, Red Rhinestones, Blue Rhinestones, Nail Glue, Glossy Top Coat",0
081.jpg,Pink Glitter & Star French Almond Full Set (Ad Image),Làm Móng Bột Hạnh Nhân Pháp Kim Tuyến & Sao Hồng (Ảnh Quảng Cáo),Full Set,Làm bộ móng mới,Glossy / Glitter,Acrylic,Medium / Long,Almond,Complex,Pink glitter nails with white French tips and delicate white star designs. Ad image with business info and ring accessories.,"French Tip Art, Glitter, Star Art, Rhinestones",165,125,High,2-3,Yes,Yes,30,"Sparkly and feminine design, popular for clients who love a touch of whimsical glam.","Thiết kế lấp lánh và nữ tính, phổ biến cho khách hàng yêu thích sự quyến rũ mộng mơ.","All-Season, Festive, Glamorous","Glitter Nails, Star Nails, Pink Nails, French Tip, Almond Nails","Pink Glitter Acrylic, White Acrylic, Clear Acrylic, Monomer, Nail Forms, White Art Gel, Fine Liner Brush, Tiny Rhinestones, Nail Glue, Glossy Top Coat",0
082.jpg,Pink Ombré Spa Manicure (Ad Image),Chăm Sóc Móng Tay Ombré Hồng Kiểu Spa (Ảnh Quảng Cáo),Manicure / Spa Service,Làm móng tay / Dịch vụ Spa,Glossy,None (ombré on natural nails),Short / Medium,Oval / Square,Basic,"Hands with light pink ombré nails, posed on a pink towel with spa elements like candles, creams, and flowers. Ad image with business info.","Ombré (natural nails), Spa Treatment",75,60,Mid,2-3,No,Yes,15,Promotional image for a relaxing spa manicure with a subtle ombré effect. Focuses on the spa experience.,Hình ảnh quảng cáo cho dịch vụ chăm sóc móng tay thư giãn với hiệu ứng ombré tinh tế. Tập trung vào trải nghiệm spa.,"All-Season, Self-Care, Relaxation","Ombré Nails, Spa Manicure, Pink Nails, Natural Nails","Pink Gel Polish, White Gel Polish, Base Coat, Top Coat, Hand Cream, Cuticle Oil, Towel, Spa Accessories",1
083.jpg,Pink Gel Manicure with Flowers (Ad Image),Sơn Gel Hồng Có Hoa (Ảnh Quảng Cáo),Manicure,Làm móng tay,Glossy,None,Short / Medium,Square / Oval,None,"Hands with solid pink gel polish on natural nails, holding light pink roses. Ad image with business info and falling nail polish.",None,60,45,Mid,2-3,No,Yes,15,Simple and elegant solid color manicure. The image emphasizes femininity and beauty.,Làm móng một màu đơn giản và thanh lịch. Hình ảnh nhấn mạnh sự nữ tính và vẻ đẹp.,"Spring, Summer, Everyday Elegant","Pink Nails, Solid Color, Gel Manicure, Natural Nails","Pink Gel Polish, Base Coat, Top Coat, Hand Cream",0
084.jpg,Summer Citrus 3D Flower Stiletto Full Set (Ad Image),Làm Móng Bột Nhọn Hoa 3D Cam Chanh Mùa Hè (Ảnh Quảng Cáo),Full Set,Làm bộ móng mới,Glossy / 3D,Acrylic,Long,Stiletto / Coffin,Extreme,Vibrant orange and yellow ombré/gradient nails with detailed white and pink 3D flowers and rhinestones. Ad image with business info.,"Ombré/Gradient, 3D Flowers, Rhinestones, Multi-color",210,170,Premium,2-3,Yes (complex),Yes,30,"Eye-catching, intricate design perfect for summer or tropical themes. Requires advanced 3D art skills.","Thiết kế bắt mắt, phức tạp hoàn hảo cho chủ đề mùa hè hoặc nhiệt đới. Yêu cầu kỹ năng nghệ thuật 3D nâng cao.","Summer, Tropical, Festival","Summer Nails, 3D Flowers, Ombré Nails, Stiletto Nails, Citrus Colors","Orange Acrylic Powder, Yellow Acrylic Powder, Clear Acrylic, Monomer, Nail Forms, White 3D Acrylic, Pink 3D Acrylic, Rhinestones, Nail Glue, Glossy Top Coat",0
085.jpg,Pink & Silver Abstract Gel Manicure (Ad Image),Sơn Gel Hồng & Bạc Họa Tiết Trừu Tượng (Ảnh Quảng Cáo),Manicure,Làm móng tay,Glossy,None (on natural nails),Medium,Oval / Almond,Complex,Light pink gel polish on natural nails with abstract silver and hot pink lines/swirls. Ad image with business info.,"Abstract Line Art, Multi-color",90,75,Mid-High,2-3,No,Yes,15,"Modern and trendy abstract design. Good for clients who want a sophisticated, artistic look on natural nails.","Thiết kế trừu tượng hiện đại và thời thượng. Tốt cho khách hàng muốn vẻ ngoài tinh tế, nghệ thuật trên móng tự nhiên.","All-Season, Trendy, Abstract Art","Abstract Nails, Pink Nails, Silver Nails, Gel Manicure, Swirl Nails","Light Pink Gel Polish, Hot Pink Art Gel, Silver Art Gel, Fine Liner Brush, Base Coat, Top Coat",0
086.jpg,Red & Black Spider-web Coffin Full Set (Ad Image),Làm Móng Bột Coffin Đỏ & Đen Mạng Nhện (Ảnh Quảng Cáo),Full Set,Làm bộ móng mới,Glossy,Acrylic,Long,Coffin,Extreme,"Nude pink base with red and black French tips, featuring hand-painted spiderwebs, small hearts, and subtle bling. Spiderman earbud case visible. Ad image with business info.","French Tip Art, Spiderweb Art, Heart Art, Multi-color, Bling",195,150,High,2-3,Yes,Yes,30,"Bold and intricate design, likely for Halloween or Spiderman fans. Requires detailed hand-painting.","Thiết kế táo bạo và phức tạp, có thể dành cho Halloween hoặc người hâm mộ Spiderman. Yêu cầu vẽ tay chi tiết.","Halloween, Themed, Edgy","Spiderweb Nails, Red Nails, Black Nails, French Tip, Coffin Nails, Spiderman Theme","Nude Pink Acrylic, Red Acrylic, Black Art Gel, White Art Gel, Fine Liner Brush, Clear Acrylic, Monomer, Nail Forms, Small Rhinestones, Nail Glue, Glossy Top Coat",0
089.jpg,Pink Manicure with Nail Prep (Ad Image),Làm Móng Tay Hồng Với Chuẩn Bị Móng (Ảnh Quảng Cáo),Manicure / Spa Service,Làm móng tay / Dịch vụ Spa,Glossy,None,Medium,Oval,None,"Promotional image showing a hand with light pink nails being prepared by a gloved technician, with an inset circular image of someone painting pink nails. Ad image with business info.",Spa Manicure,60,45,Mid,2-3,No,Yes,15,Focuses on the professional service and care provided during a manicure.,Tập trung vào dịch vụ chuyên nghiệp và sự chăm sóc được cung cấp trong quá trình làm móng tay.,"All-Season, Self-Care","Gel Manicure, Nail Prep, Professional Service","Light Pink Gel Polish, Base Coat, Top Coat, Nail File, Buffer, Cuticle Pusher, Hand Cream, Gloves",1
090.jpg,Black & Nude French Coffin Full Set with Bling (Ad Image),Làm Móng Bột Coffin Pháp Đen & Nude Đính Đá (Ảnh Quảng Cáo),Full Set,Làm bộ móng mới,Glossy / Bling,Acrylic,Long,Coffin,Extreme,"Nude pink base with black French tips, intricate black swirl designs, and extensive gold rhinestone application, creating a half-moon bling effect on some nails. Ad image with business info.","French Tip Art, Swirl Art, Gold Rhinestones, Multi-color",210,160,Premium,2-3,Yes (complex),Yes,30,"Glamorous and sophisticated design, popular for clients who want a bold yet elegant look. Requires precision art and gem placement.","Thiết kế quyến rũ và tinh tế, phổ biến cho khách hàng muốn vẻ ngoài táo bạo nhưng thanh lịch. Yêu cầu nghệ thuật và kỹ năng đính đá chính xác.","All-Season, Party, Glamorous","Black French Tip, Bling Nails, Swirl Nails, Coffin Nails, Gold Rhinestones","Nude Pink Acrylic, Black Acrylic/Gel Polish, Gold Rhinestones, Clear Acrylic, Monomer, Nail Forms, Fine Liner Brush, Nail Glue, Glossy Top Coat",0
091.jpg,Pink & White Ombré with 3D Flowers & Bling (Ad Image),Làm Móng Ombré Hồng Trắng (Hoa 3D & Đá - Ảnh Quảng Cáo),Full Set,Làm bộ móng mới,Glossy / 3D,Acrylic,Long,Coffin,Extreme,"Pink and white ombré nails with accent nails featuring intricate 3D white flowers, gold charms, and rhinestones. Ad image with business info.","Ombré, 3D Flowers, Rhinestones, Gold Charms",210,175,Premium,2-3,Yes (complex),Yes,30,Very glamorous and popular for bridal or special occasions. The ad image showcases high-end art capabilities.,Rất lộng lẫy và phổ biến cho cô dâu hoặc các dịp đặc biệt. Hình ảnh quảng cáo thể hiện khả năng nghệ thuật cao cấp.,"Bridal, Wedding, Prom, Spring","Pink Ombré, 3D Flowers, Bling Nails, Coffin Nails, Bridal Nails","Pink Acrylic Powder, White Acrylic Powder, Clear Acrylic, Monomer, Nail Forms, 3D White Flowers, Gold Charms, Rhinestones, Nail Glue, Glossy Top Coat",0
092.jpg,Classic Pink & White Ombré Full Set,Làm Móng Bột Ombré Hồng Trắng Cổ Điển,Full Set,Làm bộ móng mới,Glossy,Acrylic,Medium / Long,Coffin / Square,None,Classic pink and white ombré (French fade) on medium-long coffin/square nails.,Ombré,105,85,High,2-3,Yes,Yes,25,Timeless and always popular 'baby boomer' nail design. A staple service.,Thiết kế móng 'baby boomer' vượt thời gian và luôn phổ biến. Một dịch vụ chủ lực.,"All-Season, Bridal, Everyday Elegant","French Ombré, Baby Boomer Nails, Pink & White Ombré, Coffin Nails","Nude Pink Acrylic Powder, White Acrylic Powder, Clear Acrylic, Monomer, Nail Forms, Glossy Top Coat",0
093.jpg,Black French with Swirls & Bling (Ad Image),Làm Móng Bột Pháp Đen (Vân Xoáy & Đá - Ảnh Quảng Cáo),Full Set,Làm bộ móng mới,Glossy / Bling,Acrylic,Long,Coffin,Extreme,"Nude pink base with black French tips, intricate black swirl designs, and extensive gold rhinestone application. Ad image with business info.","French Tip Art, Swirl Art, Gold Rhinestones, Multi-color",210,160,Premium,2-3,Yes (complex),Yes,30,"This is the same service as 090.jpg, just a different ad crop. Glamorous and sophisticated design.","Đây là dịch vụ giống như 090.jpg, chỉ là một ảnh quảng cáo cắt khác. Thiết kế quyến rũ và tinh tế.","All-Season, Party, Glamorous","Black French Tip, Bling Nails, Swirl Nails, Coffin Nails, Gold Rhinestones","Nude Pink Acrylic, Black Acrylic/Gel Polish, Gold Rhinestones, Clear Acrylic, Monomer, Nail Forms, Fine Liner Brush, Nail Glue, Glossy Top Coat",0
094.jpg,Pink Gel Manicure with Floral Art,Sơn Gel Hồng (Họa Tiết Hoa),Manicure,Làm móng tay,Glossy,None,Short / Medium,Oval,Moderate,"Solid pink gel polish on natural nails, with accent nails featuring a white base and small pink/white flowers.","Hand-painted Floral Art, Multi-color",75,65,Mid-High,2-3,No,Yes,15,"This is the same service as 068.jpg, just a different ad crop. Cute and fresh design for shorter nails.","Đây là dịch vụ giống như 068.jpg, chỉ là một ảnh quảng cáo cắt khác. Thiết kế dễ thương và tươi mới cho móng ngắn.","Spring, Summer, Everyday Cute","Floral Nails, Pink Nails, Short Nails, Gel Manicure","Pink Gel Polish, White Gel Polish, Pink Art Gel, Dotting Tool, Fine Detail Brush, Base Coat, Top Coat",0
101.jpg,White Lace French Almond Full Set,Làm Móng Bột Hạnh Nhân Pháp Ren Trắng,Full Set,Làm bộ móng mới,Glossy,Acrylic,Medium,Almond,Complex,Sheer pink base with intricate white lace-inspired French tips and delicate red heart accents. Features a business card.,"French Tip Art, Lace Art, Heart Art",150,110,High,2-3,Yes,Yes,30,"Elegant and detailed design, popular for special occasions or a sophisticated everyday look. Requires precise hand-painting.","Thiết kế thanh lịch và chi tiết, phổ biến cho các dịp đặc biệt hoặc phong cách hàng ngày tinh tế. Yêu cầu vẽ tay chính xác.","Bridal, Romantic, All-Season","Lace Nails, French Tip, Almond Nails, Heart Nails, Pink Nails","Sheer Pink Acrylic, White Art Gel, Red Art Gel, Fine Liner Brush, Clear Acrylic, Monomer, Nail Forms, Glossy Top Coat",0
103.jpg,Deep Red & Orange Gel Manicure Ad,Quảng Cáo Sơn Gel Đỏ Đậm & Cam,Manicure,Làm móng tay,Glossy,None,Medium,Almond,None,"Digital ad featuring hands with deep red gel polish on almond nails, and an inset of hands with solid orange gel polish. With business logo and contact info.",None,60,45,Mid,2-3,No,Yes,15,"Promotional image for solid color gel manicures, highlighting classic and warm tones.","Hình ảnh quảng cáo cho dịch vụ sơn gel một màu, làm nổi bật các tông màu cổ điển và ấm áp.","Autumn, Winter, Classic","Red Nails, Orange Nails, Gel Manicure, Almond Nails, Solid Color","Deep Red Gel Polish, Orange Gel Polish, Base Coat, Top Coat",0
104.jpg,Autumn Harvest Nail Art Collage,Ảnh Ghép Nghệ Thuật Móng Thu Hoạch Mùa Thu,Full Set,Làm bộ móng mới,Glossy / Glitter,Acrylic,Long,Stiletto / Coffin,Extreme,"Collage of intricate autumn-themed nail designs: orange/gold glitter ombré French tips, hand-painted foxes, pumpkins, sunflowers, and black/white stripes.","Ombré, Glitter, Hand-painted Art, Autumn Theme",225,180,Premium,2-3,Yes (complex),Yes,30,"Highly detailed and creative autumn designs, great for clients wanting unique seasonal nails.","Các thiết kế mùa thu rất chi tiết và sáng tạo, tuyệt vời cho khách hàng muốn những bộ móng độc đáo theo mùa.","Autumn, Fall, Halloween, Thanksgiving","Autumn Nails, Fox Art, Pumpkin Nails, Sunflower Nails, Glitter Ombré, Striped Nails","Orange Acrylic, Gold Glitter Acrylic, Clear Acrylic, White Art Gel, Orange Art Gel, Yellow Art Gel, Black Art Gel, Fine Liner Brush, Monomer, Nail Forms, Glossy Top Coat",0
105.jpg,French Ombré with Colorful Confetti Full Set,Làm Móng Bột Ombré Pháp (Kim Tuyến Màu - Ảnh Quảng Cáo),Full Set,Làm bộ móng mới,Glossy,Acrylic,Medium / Long,Coffin / Almond,Moderate,Classic French ombré (pink and white fade) with colorful confetti-like glitter encapsulated in the acrylic. Ad image with business info.,"Ombré, Encapsulated Glitter",135,100,High,2-3,Yes,Yes,30,Fun and festive twist on classic French ombré. Good for celebrations.,Một biến tấu vui nhộn và lễ hội của ombré Pháp cổ điển. Tốt cho các dịp kỷ niệm.,"All-Season, Celebration, Party","French Ombré, Confetti Nails, Glitter Nails, Almond Nails","Nude Pink Acrylic, White Acrylic, Clear Acrylic, Colorful Confetti Glitter, Monomer, Nail Forms, Glossy Top Coat",0
106.jpg,Autumn Plaid & Pumpkin Coffin Full Set,Làm Móng Bột Coffin Kẻ Caro & Bí Ngô Mùa Thu,Full Set,Làm bộ móng mới,Glossy / Glitter,Acrylic,Medium,Coffin / Oval,Complex,"Brown solid nails, nude base with hand-painted white pumpkins, and plaid (tartan) designs in brown, orange, and white. Features a gold glitter accent nail.","Hand-painted Plaid, Hand-painted Pumpkins, Glitter, Multi-color",180,140,High,2-3,Yes,Yes,30,Cozy and detailed autumn design. Requires steady hand for plaid and pumpkin art.,Thiết kế mùa thu ấm cúng và chi tiết. Yêu cầu tay nghề vững để vẽ kẻ caro và bí ngô.,"Autumn, Fall, Thanksgiving","Plaid Nails, Pumpkin Nails, Autumn Nails, Glitter Nails, Coffin Nails","Brown Gel Polish, Nude Acrylic, White Art Gel, Orange Art Gel, Black Art Gel, Gold Glitter Gel, Fine Liner Brush, Clear Acrylic, Monomer, Nail Forms, Glossy Top Coat",0
107.jpg,Rose Gold Glitter Ombré Coffin Full Set,Làm Móng Bột Coffin Ombré Kim Tuyến Vàng Hồng,Full Set,Làm bộ móng mới,Glossy / Glitter,Acrylic,Long,Coffin,Moderate,"Nude pink base with rose gold glitter ombré, featuring large rectangular gold rhinestones. Ad image with business info.","Glitter Ombré, Rhinestones",150,120,High,2-3,Yes,Yes,30,"Very trendy and glamorous design, popular for events and festive occasions.","Thiết kế rất thời thượng và lộng lẫy, phổ biến cho các sự kiện và dịp lễ hội.","All-Season, Party, Glamorous","Rose Gold Nails, Glitter Ombré, Coffin Nails, Bling Nails, Rhinestone Nails","Nude Pink Acrylic, Rose Gold Glitter Acrylic, Clear Acrylic, Monomer, Nail Forms, Gold Rhinestones (large), Nail Glue, Glossy Top Coat",0
108.jpg,Natural Pink Gel Manicure Ad,Quảng Cáo Sơn Gel Hồng Tự Nhiên,Manicure,Làm móng tay,Glossy,None,Short / Medium,Oval,None,Digital ad featuring hands with natural light pink gel polish. With business logo and contact info.,None,60,45,Mid,2-3,No,Yes,15,"Promotional image for simple and clean gel manicures, emphasizing natural beauty.","Hình ảnh quảng cáo cho dịch vụ sơn gel đơn giản và sạch sẽ, nhấn mạnh vẻ đẹp tự nhiên.","All-Season, Everyday Elegant","Pink Nails, Natural Nails, Gel Manicure, Solid Color","Light Pink Gel Polish, Base Coat, Top Coat",0
109.jpg,Autumn Leaves & Red Ombré Coffin Full Set,Làm Móng Bột Coffin Lá Mùa Thu & Ombré Đỏ,Full Set,Làm bộ móng mới,Glossy / Glitter,Acrylic,Extra Long,Coffin,Extreme,"Extra long coffin nails with various autumn designs: clear nails with encapsulated maple leaves and glitter, solid deep red, red-to-orange ombré, and red/gold rhinestones.","Encapsulated Leaves, Glitter, Ombré, Rhinestones, Multi-color",240,190,Premium,2-3,Yes (complex),Yes,40,Highly artistic and dramatic design for fall. Great for clients wanting to make a bold seasonal statement.,Thiết kế rất nghệ thuật và ấn tượng cho mùa thu. Tuyệt vời cho khách hàng muốn tạo điểm nhấn táo bạo theo mùa.,"Autumn, Fall, Thanksgiving, Halloween","Autumn Leaves Nails, Red Ombré, Coffin Nails, Extra Long Nails, Encapsulated Art, Bling Nails","Clear Acrylic, Deep Red Acrylic, Orange Acrylic, Gold Glitter Acrylic, Monomer, Nail Forms, Dry Maple Leaves (small), Rhinestones, Nail Glue, Glossy Top Coat",0
110.jpg,Autumn Mani & Pedi Ad,Quảng Cáo Mani & Pedi Mùa Thu,Manicure & Pedicure,Làm móng tay & móng chân,Glossy,None,Short / Medium,Oval / Square,None,Digital ad featuring hands and feet with autumn-toned polish (brown and gold). With business logo and contact info.,None,105,75,Mid,2-3,No,Yes,20,Promotional image for matching autumn-themed manicure and pedicure services.,Hình ảnh quảng cáo cho dịch vụ làm móng tay và móng chân tông màu mùa thu phù hợp.,"Autumn, Fall","Autumn Nails, Manicure, Pedicure, Brown Nails, Gold Nails, Matching Set","Brown Gel Polish, Gold Gel Polish, Base Coat, Top Coat, Foot Scrub, Hand Cream",0
111.jpg,Tropical 3D Flower & Fruit Coffin Full Set,Làm Móng Bột Coffin Hoa & Trái Cây 3D Nhiệt Đới,Full Set,Làm bộ móng mới,Glossy / 3D,Acrylic,Extra Long,Coffin,Extreme,"Extra long coffin nails with a vibrant mix of designs: pink & white ombré, 3D flowers, encapsulated glitter, hand-painted fruits (e.g., pineapple, lemon slices), and abstract waves.","Ombré, 3D Flowers, Encapsulated Glitter, Hand-painted Art, Multi-color, Extra Long",240,200,Premium,2-3,Yes (complex),Yes,40,"A very elaborate and festive tropical-themed set, perfect for summer or vacations. Requires advanced artistry and extended time.","Bộ móng chủ đề nhiệt đới rất công phu và lễ hội, hoàn hảo cho mùa hè hoặc các kỳ nghỉ. Yêu cầu tay nghề cao và thời gian kéo dài.","Summer, Tropical, Vacation, Festival","Tropical Nails, 3D Flowers, Fruit Nails, Ombré Nails, Extra Long Nails, Encapsulated Art","Pink Acrylic, White Acrylic, Green Acrylic, Yellow Acrylic, Orange Acrylic, Clear Acrylic, Monomer, Nail Forms, 3D Flower Molds/Powder, Fine Detail Brush, Encapsulated Glitter, Glossy Top Coat",0
112.jpg,Halloween Character & Spiderweb Coffin Full Set,Làm Móng Bột Coffin Nhân Vật Halloween & Mạng Nhện,Full Set,Làm bộ móng mới,Glossy,Acrylic,Long,Coffin,Extreme,"Long coffin nails featuring various Halloween designs: hand-painted jack-o'-lanterns, spiderwebs, Frankenstein stitches, and blood drips over French tips in black, orange, neon green, and white.","French Tip Art, Halloween Art, Hand-painted Art, Multi-color",210,180,Premium,2-3,Yes (complex),Yes,30,"An extremely detailed and fun Halloween set, popular for the spooky season. Requires high-level hand-painting skills.","Bộ móng Halloween cực kỳ chi tiết và vui nhộn, phổ biến cho mùa ma quái. Yêu cầu kỹ năng vẽ tay cao cấp.","Halloween, Spooky, Festive","Halloween Nails, Jack-o-lantern Nails, Spiderweb Nails, Blood Drip Nails, Frankenstein Nails, Coffin Nails","Nude Acrylic, Black Gel Polish, Orange Gel Polish, Neon Green Gel Polish, White Gel Polish, Red Gel Polish, Fine Detail Brush, Monomer, Nail Forms, Glossy Top Coat",0
113.jpg,Autumn Golden Mani & Pedi Ad,Quảng Cáo Mani & Pedi Vàng Mùa Thu,Manicure & Pedicure,Làm móng tay & móng chân,Glossy / Glitter,None,Short / Medium,Oval / Square,None,"Digital ad featuring hands with glittery bronze/gold gel polish and feet with solid gold gel polish, set against an autumn leaves background. Includes business info.",Glitter (hands),105,80,Mid-High,2-3,No,Yes,20,Promotional image for luxurious autumn-themed matching manicure and pedicure services.,"Hình ảnh quảng cáo cho dịch vụ làm móng tay và móng chân sang trọng, tông màu vàng óng mùa thu.","Autumn, Fall, Thanksgiving","Autumn Nails, Golden Nails, Glitter Nails, Manicure, Pedicure, Matching Set","Bronze Glitter Gel Polish, Gold Gel Polish, Base Coat, Top Coat, Hand Cream, Foot Scrub",0
114.jpg,Black & White Floral Square Full Set,Làm Móng Bột Vuông Hoa Đen Trắng,Full Set,Làm bộ móng mới,Glossy,Acrylic,Medium,Square / Coffin,Complex,Nude base with intricate hand-painted black and white floral designs and classic white French tips on some nails.,"French Tip Art, Hand-painted Floral Art, Multi-color",165,130,High,2-3,Yes,Yes,30,Elegant and sophisticated floral design in a classic color palette. Requires detailed brushwork.,Thiết kế hoa thanh lịch và tinh tế với bảng màu cổ điển. Yêu cầu kỹ năng vẽ cọ chi tiết.,"All-Season, Formal, Elegant","Floral Nails, Black & White Nails, French Tip, Square Nails, Hand-painted Art","Nude Acrylic, White Acrylic, Black Art Gel, Fine Detail Brush, Clear Acrylic, Monomer, Nail Forms, Glossy Top Coat",0
115.jpg,Halloween Spiderweb & Spider Coffin Full Set,Làm Móng Bột Coffin Mạng Nhện & Nhện Halloween,Full Set,Làm bộ móng mới,Glossy,Acrylic,Extra Long,Coffin,Moderate,Extra long white coffin nails with hand-painted black spiderweb designs and small black spiders. Ad image with business info.,"Hand-painted Spiderweb Art, Spider Art, Extra Long",180,150,High,2-3,Yes,Yes,30,Classic and popular Halloween design. Effective with minimal color palette.,Thiết kế Halloween cổ điển và phổ biến. Hiệu quả với bảng màu tối giản.,"Halloween, Spooky, Themed","Spiderweb Nails, Spider Nails, Halloween Nails, White Nails, Coffin Nails, Extra Long Nails","White Acrylic, Black Art Gel, Fine Liner Brush, Clear Acrylic, Monomer, Nail Forms, Glossy Top Coat",0
116.jpg,Sparkly Nude & Rose Gold Gel Manicure Ad,Quảng Cáo Sơn Gel Nude & Vàng Hồng Lấp Lánh,Manicure,Làm móng tay,Glossy / Glitter,None,Short / Medium,Oval,Basic,Digital ad featuring hands with nude pink gel polish and an accent nail with rose gold glitter gel polish. Includes business info.,Glitter Accent,75,60,Mid,2-3,No,Yes,15,Promotional image for a simple yet elegant manicure with a touch of sparkle. Very popular.,Hình ảnh quảng cáo cho dịch vụ làm móng tay đơn giản nhưng thanh lịch với một chút lấp lánh. Rất phổ biến.,"All-Season, Everyday Glam, Festive","Nude Nails, Rose Gold Nails, Glitter Accent, Gel Manicure","Nude Pink Gel Polish, Rose Gold Glitter Gel Polish, Base Coat, Top Coat",0
117.jpg,Halloween Skull & Abstract French Square Full Set,Làm Móng Bột Vuông Pháp Đầu Lâu & Trừu Tượng Halloween,Full Set,Làm bộ móng mới,Glossy / Bling,Acrylic,Medium,Square / Coffin,Extreme,"Nude base with black French tips, abstract white line art, silver studs/rhinestones, and hand-painted skull faces on accent nails.","French Tip Art, Abstract Line Art, Rhinestones, Skull Art",195,160,Premium,2-3,Yes,Yes,30,Edgy and complex Halloween design. Combines modern abstract elements with classic spooky motifs.,Thiết kế Halloween sắc sảo và phức tạp. Kết hợp các yếu tố trừu tượng hiện đại với họa tiết ma quái cổ điển.,"Halloween, Edgy, Trendy","Skull Nails, Halloween Nails, Abstract Nails, Black French Tip, Square Nails, Bling Nails","Nude Acrylic, Black Gel Polish, White Art Gel, Fine Liner Brush, Silver Studs, Rhinestones, Clear Acrylic, Monomer, Nail Forms, Glossy Top Coat",0
118.jpg,"Halloween Spiderweb, Bat & Skull Coffin Full Set","Làm Móng Bột Coffin Mạng Nhện, Dơi & Đầu Lâu Halloween",Full Set,Làm bộ móng mới,Glossy / Glitter,Acrylic,Long,Coffin / Stiletto,Extreme,"Long pink coffin nails with various hand-painted black Halloween designs: spiderwebs, spiders, bats, and a skull face. Features silver glitter accent nails. Ad image with business info.","Hand-painted Halloween Art, Glitter Accent",210,175,Premium,2-3,Yes (complex),Yes,30,Comprehensive and detailed Halloween set with popular spooky elements. Visually appealing for promotions.,Bộ móng Halloween toàn diện và chi tiết với các yếu tố ma quái phổ biến. Hấp dẫn về mặt hình ảnh cho các chương trình khuyến mãi.,"Halloween, Spooky, Themed","Halloween Nails, Spiderweb Nails, Bat Nails, Skull Nails, Pink Nails, Glitter Nails, Coffin Nails","Pink Acrylic, Black Art Gel, Silver Glitter Gel, Fine Liner Brush, Clear Acrylic, Monomer, Nail Forms, Glossy Top Coat",0
119.jpg,Halloween Skeleton Bone Stiletto Full Set,Làm Móng Bột Nhọn Xương Bộ Xương Halloween,Full Set,Làm bộ móng mới,Glossy,Acrylic,Extra Long,Stiletto,Extreme,Extra long black stiletto nails with hand-painted white skeleton bone designs. Features a business card.,"Hand-painted Skeleton Art, Extra Long",210,180,Premium,2-3,Yes (complex),Yes,30,Very striking and thematic design for Halloween. Requires advanced hand-painting and shaping skills for stiletto nails.,Thiết kế rất nổi bật và theo chủ đề Halloween. Yêu cầu kỹ năng vẽ tay và tạo hình móng nhọn cao cấp.,"Halloween, Spooky, Edgy","Skeleton Nails, Bone Nails, Halloween Nails, Black & White Nails, Stiletto Nails, Extra Long Nails","Black Acrylic, White Art Gel, Fine Liner Brush, Clear Acrylic, Monomer, Nail Forms, Glossy Top Coat",0
120.jpg,Halloween Orange & Black Stiletto Full Set,Làm Móng Bột Nhọn Cam & Đen Halloween,Full Set,Làm bộ móng mới,Glossy,Acrylic,Long,Stiletto,Extreme,"Long black stiletto nails with various hand-painted orange Halloween designs: stripes, spiderwebs, jack-o'-lantern eyes, and stitches.","Hand-painted Halloween Art, Multi-color",195,165,Premium,2-3,Yes (complex),Yes,30,"Vibrant and spooky Halloween design, using classic orange and black colors. Great for a bold seasonal statement.","Thiết kế Halloween sống động và ma quái, sử dụng màu cam và đen cổ điển. Tuyệt vời để tạo điểm nhấn theo mùa táo bạo.","Halloween, Spooky, Festive","Halloween Nails, Orange & Black Nails, Stiletto Nails, Spiderweb Nails, Jack-o-lantern Nails, Striped Nails","Black Acrylic, Orange Art Gel, Fine Liner Brush, Clear Acrylic, Monomer, Nail Forms, Glossy Top Coat",0
121.jpg,Halloween Spiderweb & Pumpkin Coffin Full Set,Làm Móng Bột Coffin Mạng Nhện & Bí Ngô Halloween,Full Set,Làm bộ móng mới,Glossy,Acrylic,Long,Coffin,Extreme,"Long coffin nails with a pink nude base and various Halloween designs: white French tips with spiderwebs, hand-painted orange pumpkins, black cats, ghosts, and dots. Promotional image with 'Happy Halloween' text and business info.","French Tip Art, Hand-painted Halloween Art, Multi-color",210,175,Premium,2-3,Yes (complex),Yes,30,"A comprehensive Halloween set suitable for promotions, showcasing a variety of popular spooky motifs. Requires high-level hand-painting.","Bộ móng Halloween toàn diện phù hợp để quảng cáo, trưng bày nhiều họa tiết ma quái phổ biến. Yêu cầu kỹ năng vẽ tay cao cấp.","Halloween, Spooky, Festive","Halloween Nails, Spiderweb Nails, Pumpkin Nails, Ghost Nails, Black Cat Nails, Coffin Nails, French Tip","Nude Pink Acrylic, White Acrylic, Black Art Gel, Orange Art Gel, Fine Liner Brush, Clear Acrylic, Monomer, Nail Forms, Glossy Top Coat",0
122.jpg,Halloween Character & Plaid Mix-and-Match Full Set,Làm Móng Bột Hỗn Hợp Nhân Vật & Kẻ Caro Halloween,Full Set,Làm bộ móng mới,Glossy / Glitter,Acrylic,Medium,Oval / Coffin,Extreme,"Collage of various Halloween-themed nail designs: orange glitter ombré, hand-painted ghosts, black cats, plaid patterns, checkered patterns, and abstract swirls. Text 'Happy Halloween'.","Glitter Ombré, Hand-painted Halloween Art, Plaid Art, Checkered Art, Swirls, Multi-color",240,190,Premium,2-3,Yes (complex),Yes,30,"A very creative and diverse Halloween set, offering multiple design options for clients. High skill level required for variety.","Bộ móng Halloween rất sáng tạo và đa dạng, cung cấp nhiều lựa chọn thiết kế cho khách hàng. Yêu cầu kỹ năng cao cho sự đa dạng.","Halloween, Spooky, Festive","Halloween Nails, Ghost Nails, Black Cat Nails, Plaid Nails, Checkered Nails, Glitter Nails, Mix-and-Match Nails","Orange Glitter Acrylic, Black Gel Polish, White Gel Polish, Orange Gel Polish, Fine Liner Brush, Dotting Tool, Clear Acrylic, Monomer, Nail Forms, Glossy Top Coat",0
123.jpg,Red Spiderweb French Full Set,Làm Móng Bột Pháp Mạng Nhện Đỏ,Full Set,Làm bộ móng mới,Glossy,Acrylic,Long,Coffin / Square,Complex,Long coffin nails with a pink nude base and red French tips that transition into intricate hand-painted black spiderwebs. Features a business card.,"French Tip Art, Spiderweb Art, Multi-color",180,140,High,2-3,Yes (complex),Yes,30,"A unique and spooky twist on French tips, perfect for Halloween without being overly cute. Requires detailed hand-painting.","Một biến tấu độc đáo và ma quái của móng Pháp, hoàn hảo cho Halloween mà không quá dễ thương. Yêu cầu vẽ tay chi tiết.","Halloween, Spooky, Edgy","Spiderweb Nails, Red French Tip, Halloween Nails, Coffin Nails, Nude Nails","Nude Pink Acrylic, Red Gel Polish, Black Art Gel, Fine Liner Brush, Clear Acrylic, Monomer, Nail Forms, Glossy Top Coat",0
124.jpg,Black Spiderweb Stiletto Full Set (Ad Image),Làm Móng Bột Nhọn Mạng Nhện Đen (Ảnh Quảng Cáo),Full Set,Làm bộ móng mới,Glossy,Acrylic,Long,Stiletto,Moderate,Long black stiletto nails with hand-painted white spiderweb designs. Promotional image with ghost/pumpkin icon and business logo/info.,Hand-painted Spiderweb Art,150,125,High,2-3,Yes,Yes,30,"Classic Halloween stiletto design, visually striking and effective for seasonal promotions.","Thiết kế móng nhọn Halloween cổ điển, nổi bật và hiệu quả cho các chương trình khuyến mãi theo mùa.","Halloween, Spooky, Themed","Spiderweb Nails, Black Nails, Stiletto Nails, Halloween Nails, White Art","Black Acrylic, White Art Gel, Fine Liner Brush, Clear Acrylic, Monomer, Nail Forms, Glossy Top Coat",0
126.jpg,Autumn Deep Red & Gold Gel Manicure Ad,Quảng Cáo Sơn Gel Đỏ Đậm & Vàng Mùa Thu,Manicure,Làm móng tay,Glossy,None,Medium,Oval,None,"Digital ad featuring hands with deep red gel polish, with an inset of hands holding autumn leaves and featuring deep red and gold gel polish. Includes business logo and contact info.",Multi-color (accent),75,60,Mid,2-3,No,Yes,15,"Promotional image for autumn-themed gel manicures, highlighting classic fall colors and designs.","Hình ảnh quảng cáo cho dịch vụ sơn gel chủ đề mùa thu, làm nổi bật các màu sắc và thiết kế mùa thu cổ điển.","Autumn, Fall","Red Nails, Gold Nails, Autumn Nails, Gel Manicure, Solid Color","Deep Red Gel Polish, Gold Gel Polish, Base Coat, Top Coat",0
